length 256," batch 1048576"
256," fft_test_len_256_factors_8_2_2_2_2_2_wgs_64_tpt_64"," 5.33ms "
256," fft_test_len_256_factors_2_2_2_4_2_4_wgs_64_tpt_64_dirReg"," 5.34ms "
256," fft_test_len_256_factors_4_2_4_2_4_wgs_64_tpt_64_dirReg"," 5.34ms "
256," fft_test_len_256_factors_8_2_4_4_wgs_64_tpt_64"," 5.35ms "
256," fft_test_len_256_factors_4_2_4_2_4_wgs_64_tpt_64"," 5.36ms "
256," fft_test_len_256_factors_4_2_4_2_2_2_wgs_64_tpt_64_halfLds_dirReg"," 5.37ms "
256," fft_test_len_256_factors_2_4_2_4_4_wgs_64_tpt_64_halfLds_dirReg"," 5.37ms "
256," fft_test_len_256_factors_4_2_4_2_4_wgs_64_tpt_64_halfLds_dirReg"," 5.37ms "
256," fft_test_len_256_factors_2_2_2_2_2_2_4_wgs_64_tpt_64_dirReg"," 5.38ms "
256," fft_test_len_256_factors_2_2_2_2_4_4_wgs_64_tpt_64_halfLds_dirReg"," 5.38ms "
256," fft_test_len_256_factors_4_2_2_2_2_4_wgs_64_tpt_64_halfLds_dirReg"," 5.38ms "
256," fft_test_len_256_factors_4_2_2_2_2_4_wgs_64_tpt_64_dirReg"," 5.38ms "
256," fft_test_len_256_factors_4_2_2_2_4_2_wgs_64_tpt_64_dirReg"," 5.38ms "
256," fft_test_len_256_factors_8_2_2_2_4_wgs_64_tpt_64"," 5.38ms "
256," fft_test_len_256_factors_2_4_2_4_4_wgs_64_tpt_64"," 5.38ms "
256," fft_test_len_256_factors_4_4_2_2_4_wgs_64_tpt_64"," 5.38ms "
256," fft_test_len_256_factors_4_2_4_8_wgs_64_tpt_64"," 5.38ms "
256," fft_test_len_256_factors_4_4_2_8_wgs_64_tpt_64"," 5.38ms "
256," fft_test_len_256_factors_2_2_2_2_2_2_4_wgs_64_tpt_64_halfLds_dirReg"," 5.39ms "
256," fft_test_len_256_factors_2_2_2_4_2_4_wgs_64_tpt_64_halfLds_dirReg"," 5.39ms "
256," fft_test_len_256_factors_4_2_2_4_2_2_wgs_64_tpt_64"," 5.39ms "
256," fft_test_len_256_factors_4_4_2_2_2_2_wgs_64_tpt_64_dirReg"," 5.39ms "
256," fft_test_len_256_factors_4_2_2_2_8_wgs_64_tpt_64"," 5.39ms "
256," fft_test_len_256_factors_2_2_4_4_4_wgs_64_tpt_64"," 5.39ms "
256," fft_test_len_256_factors_4_2_4_4_2_wgs_64_tpt_64_dirReg"," 5.39ms "
256," fft_test_len_256_factors_4_4_2_4_2_wgs_64_tpt_64_dirReg"," 5.39ms "
256," fft_test_len_256_factors_4_2_8_4_wgs_64_tpt_64_halfLds_dirReg"," 5.39ms "
256," fft_test_len_256_factors_2_2_2_2_2_2_4_wgs_64_tpt_64"," 5.4ms "
256," fft_test_len_256_factors_4_2_2_2_2_2_2_wgs_64_tpt_64_halfLds_dirReg"," 5.4ms "
256," fft_test_len_256_factors_4_2_2_4_2_2_wgs_64_tpt_64_dirReg"," 5.4ms "
256," fft_test_len_256_factors_8_2_4_2_2_wgs_64_tpt_64"," 5.4ms "
256," fft_test_len_256_factors_2_2_4_4_4_wgs_64_tpt_64_dirReg"," 5.4ms "
256," fft_test_len_256_factors_2_4_2_4_4_wgs_64_tpt_64_dirReg"," 5.4ms "
256," fft_test_len_256_factors_4_4_2_2_4_wgs_64_tpt_64_halfLds_dirReg"," 5.4ms "
256," fft_test_len_256_factors_4_4_2_4_2_wgs_64_tpt_64_halfLds_dirReg"," 5.4ms "
256," fft_test_len_256_factors_4_4_2_4_2_wgs_64_tpt_64"," 5.4ms "
256," fft_test_len_256_factors_8_4_2_4_wgs_64_tpt_64"," 5.4ms "
256," fft_test_len_256_factors_8_4_4_2_wgs_64_tpt_64"," 5.4ms "
256," fft_test_len_256_factors_2_4_2_2_2_2_2_wgs_64_tpt_64_halfLds_dirReg"," 5.41ms "
256," fft_test_len_256_factors_4_2_2_2_2_2_2_wgs_64_tpt_64_dirReg"," 5.41ms "
256," fft_test_len_256_factors_2_2_4_2_2_4_wgs_64_tpt_64_dirReg"," 5.41ms "
256," fft_test_len_256_factors_2_4_2_2_2_4_wgs_64_tpt_64_halfLds_dirReg"," 5.41ms "
256," fft_test_len_256_factors_4_2_2_2_4_2_wgs_64_tpt_64"," 5.41ms "
256," fft_test_len_256_factors_4_2_4_2_2_2_wgs_64_tpt_64_dirReg"," 5.41ms "
256," fft_test_len_256_factors_4_2_2_8_2_wgs_64_tpt_64_dirReg"," 5.41ms "
256," fft_test_len_256_factors_4_2_2_4_4_wgs_64_tpt_64_dirReg"," 5.41ms "
256," fft_test_len_256_factors_4_2_4_4_2_wgs_64_tpt_64_halfLds_dirReg"," 5.41ms "
256," fft_test_len_256_factors_4_2_4_4_2_wgs_64_tpt_64"," 5.41ms "
256," fft_test_len_256_factors_4_8_2_4_wgs_64_tpt_64_dirReg"," 5.41ms "
256," fft_test_len_256_factors_2_2_4_2_2_4_wgs_64_tpt_64"," 5.42ms "
256," fft_test_len_256_factors_4_2_2_2_4_2_wgs_64_tpt_64_halfLds_dirReg"," 5.42ms "
256," fft_test_len_256_factors_4_2_4_2_2_2_wgs_64_tpt_64"," 5.42ms "
256," fft_test_len_256_factors_2_2_2_8_4_wgs_64_tpt_64_dirReg"," 5.42ms "
256," fft_test_len_256_factors_4_2_2_8_2_wgs_64_tpt_64_halfLds_dirReg"," 5.42ms "
256," fft_test_len_256_factors_2_2_4_4_4_wgs_64_tpt_64_halfLds_dirReg"," 5.42ms "
256," fft_test_len_256_factors_2_4_4_2_4_wgs_64_tpt_64_halfLds_dirReg"," 5.42ms "
256," fft_test_len_256_factors_2_4_8_4_wgs_64_tpt_64_dirReg"," 5.42ms "
256," fft_test_len_256_factors_4_4_8_2_wgs_64_tpt_64_dirReg"," 5.42ms "
256," fft_test_len_256_factors_4_8_4_2_wgs_64_tpt_64_dirReg"," 5.42ms "
256," fft_test_len_256_factors_4_4_4_4_wgs_64_tpt_64_halfLds_dirReg"," 5.42ms "
256," fft_test_len_256_factors_2_2_2_2_2_4_2_wgs_64_tpt_64_halfLds_dirReg"," 5.43ms "
256," fft_test_len_256_factors_2_2_2_2_2_4_2_wgs_64_tpt_64_dirReg"," 5.43ms "
256," fft_test_len_256_factors_2_2_2_2_4_4_wgs_64_tpt_64_dirReg"," 5.43ms "
256," fft_test_len_256_factors_2_2_4_2_2_4_wgs_64_tpt_64_halfLds_dirReg"," 5.43ms "
256," fft_test_len_256_factors_2_4_2_2_2_4_wgs_64_tpt_64_dirReg"," 5.43ms "
256," fft_test_len_256_factors_4_2_2_2_2_4_wgs_64_tpt_64"," 5.43ms "
256," fft_test_len_256_factors_4_4_2_2_2_2_wgs_64_tpt_64_halfLds_dirReg"," 5.43ms "
256," fft_test_len_256_factors_8_4_2_2_2_wgs_64_tpt_64"," 5.43ms "
256," fft_test_len_256_factors_2_4_4_4_2_wgs_64_tpt_64_halfLds_dirReg"," 5.43ms "
256," fft_test_len_256_factors_4_2_2_4_4_wgs_64_tpt_64"," 5.43ms "
256," fft_test_len_256_factors_4_4_4_2_2_wgs_64_tpt_64_dirReg"," 5.43ms "
256," fft_test_len_256_factors_8_2_2_8_wgs_64_tpt_64"," 5.43ms "
256," fft_test_len_256_factors_2_4_8_4_wgs_64_tpt_64_halfLds_dirReg"," 5.43ms "
256," fft_test_len_256_factors_4_2_8_4_wgs_64_tpt_64_dirReg"," 5.43ms "
256," fft_test_len_256_factors_4_4_8_2_wgs_64_tpt_64_halfLds_dirReg"," 5.43ms "
256," fft_test_len_256_factors_2_2_2_2_2_2_2_2_wgs_64_tpt_64_halfLds_dirReg"," 5.44ms "
256," fft_test_len_256_factors_2_2_2_2_4_2_2_wgs_64_tpt_64_halfLds_dirReg"," 5.44ms "
256," fft_test_len_256_factors_2_2_4_2_2_2_2_wgs_64_tpt_64"," 5.44ms "
256," fft_test_len_256_factors_2_2_2_2_4_4_wgs_64_tpt_64"," 5.44ms "
256," fft_test_len_256_factors_2_2_2_4_8_wgs_64_tpt_64"," 5.44ms "
256," fft_test_len_256_factors_4_2_2_4_4_wgs_64_tpt_64_halfLds_dirReg"," 5.44ms "
256," fft_test_len_256_factors_4_4_2_2_4_wgs_64_tpt_64_dirReg"," 5.44ms "
256," fft_test_len_256_factors_4_4_4_2_2_wgs_64_tpt_64_halfLds_dirReg"," 5.44ms "
256," fft_test_len_256_factors_2_4_4_8_wgs_64_tpt_64"," 5.44ms "
256," fft_test_len_256_factors_2_2_2_2_2_2_2_2_wgs_64_tpt_64_dirReg"," 5.45ms "
256," fft_test_len_256_factors_2_2_2_2_4_2_2_wgs_64_tpt_64_dirReg"," 5.45ms "
256," fft_test_len_256_factors_2_4_2_2_2_2_2_wgs_64_tpt_64"," 5.45ms "
256," fft_test_len_256_factors_2_2_2_4_2_4_wgs_64_tpt_64"," 5.45ms "
256," fft_test_len_256_factors_2_2_2_4_4_2_wgs_64_tpt_64_halfLds_dirReg"," 5.45ms "
256," fft_test_len_256_factors_2_4_2_2_4_2_wgs_64_tpt_64_halfLds_dirReg"," 5.45ms "
256," fft_test_len_256_factors_2_4_4_2_2_2_wgs_64_tpt_64_dirReg"," 5.45ms "
256," fft_test_len_256_factors_4_4_2_2_2_2_wgs_64_tpt_64"," 5.45ms "
256," fft_test_len_256_factors_2_2_4_2_8_wgs_64_tpt_64"," 5.45ms "
256," fft_test_len_256_factors_2_4_2_2_8_wgs_64_tpt_64"," 5.45ms "
256," fft_test_len_256_factors_4_4_2_8_wgs_64_tpt_64_halfLds_dirReg"," 5.45ms "
256," fft_test_len_256_factors_2_2_2_4_2_2_2_wgs_64_tpt_64_halfLds_dirReg"," 5.46ms "
256," fft_test_len_256_factors_2_2_4_2_2_2_2_wgs_64_tpt_64_halfLds_dirReg"," 5.46ms "
256," fft_test_len_256_factors_2_2_2_4_4_2_wgs_64_tpt_64_dirReg"," 5.46ms "
256," fft_test_len_256_factors_2_4_2_2_2_4_wgs_64_tpt_64"," 5.46ms "
256," fft_test_len_256_factors_2_4_4_2_2_2_wgs_64_tpt_64_halfLds_dirReg"," 5.46ms "
256," fft_test_len_256_factors_4_2_2_2_8_wgs_64_tpt_64_halfLds_dirReg"," 5.46ms "
256," fft_test_len_256_factors_4_2_2_2_8_wgs_64_tpt_64_dirReg"," 5.46ms "
256," fft_test_len_256_factors_4_2_8_2_2_wgs_64_tpt_64_dirReg"," 5.46ms "
256," fft_test_len_256_factors_8_2_2_4_2_wgs_64_tpt_64"," 5.46ms "
256," fft_test_len_256_factors_2_2_2_4_2_2_2_wgs_64_tpt_64_dirReg"," 5.47ms "
256," fft_test_len_256_factors_4_2_2_2_2_2_2_wgs_64_tpt_64"," 5.47ms "
256," fft_test_len_256_factors_2_4_2_2_4_2_wgs_64_tpt_64"," 5.47ms "
256," fft_test_len_256_factors_2_2_2_8_4_wgs_64_tpt_64_halfLds_dirReg"," 5.47ms "
256," fft_test_len_256_factors_4_2_4_8_wgs_64_tpt_64_halfLds_dirReg"," 5.47ms "
256," fft_test_len_256_factors_2_2_2_2_4_2_2_wgs_64_tpt_64"," 5.48ms "
256," fft_test_len_256_factors_2_2_4_2_4_2_wgs_64_tpt_64_halfLds_dirReg"," 5.48ms "
256," fft_test_len_256_factors_2_2_4_2_4_2_wgs_64_tpt_64_dirReg"," 5.48ms "
256," fft_test_len_256_factors_2_2_4_4_2_2_wgs_64_tpt_64_dirReg"," 5.48ms "
256," fft_test_len_256_factors_2_2_4_4_2_2_wgs_64_tpt_64"," 5.48ms "
256," fft_test_len_256_factors_2_4_2_2_4_2_wgs_64_tpt_64_dirReg"," 5.48ms "
256," fft_test_len_256_factors_2_4_2_4_2_2_wgs_64_tpt_64_halfLds_dirReg"," 5.48ms "
256," fft_test_len_256_factors_2_4_4_2_2_2_wgs_64_tpt_64"," 5.48ms "
256," fft_test_len_256_factors_4_2_2_4_2_2_wgs_64_tpt_64_halfLds_dirReg"," 5.48ms "
256," fft_test_len_256_factors_2_2_2_4_2_2_2_wgs_64_tpt_64"," 5.49ms "
256," fft_test_len_256_factors_2_2_4_2_2_2_2_wgs_64_tpt_64_dirReg"," 5.49ms "
256," fft_test_len_256_factors_2_4_2_2_2_2_2_wgs_64_tpt_64_dirReg"," 5.49ms "
256," fft_test_len_256_factors_2_4_2_4_2_2_wgs_64_tpt_64"," 5.49ms "
256," fft_test_len_256_factors_8_2_8_2_wgs_64_tpt_64"," 5.49ms "
256," fft_test_len_256_factors_4_4_2_8_wgs_64_tpt_64_dirReg"," 5.49ms "
256," fft_test_len_256_factors_2_2_2_2_8_2_wgs_64_tpt_64_dirReg"," 5.5ms "
256," fft_test_len_256_factors_2_4_2_4_2_2_wgs_64_tpt_64_dirReg"," 5.5ms "
256," fft_test_len_256_factors_2_2_2_4_8_wgs_64_tpt_64_halfLds_dirReg"," 5.5ms "
256," fft_test_len_256_factors_2_2_4_8_2_wgs_64_tpt_64_dirReg"," 5.5ms "
256," fft_test_len_256_factors_4_2_2_8_2_wgs_64_tpt_64"," 5.5ms "
256," fft_test_len_256_factors_2_4_4_2_4_wgs_64_tpt_64"," 5.5ms "
256," fft_test_len_256_factors_2_4_4_4_2_wgs_64_tpt_64_dirReg"," 5.5ms "
256," fft_test_len_256_factors_2_2_2_2_2_2_2_2_wgs_64_tpt_64"," 5.51ms "
256," fft_test_len_256_factors_2_2_4_2_4_2_wgs_64_tpt_64"," 5.51ms "
256," fft_test_len_256_factors_2_2_4_4_2_2_wgs_64_tpt_64_halfLds_dirReg"," 5.51ms "
256," fft_test_len_256_factors_2_2_2_8_4_wgs_64_tpt_64"," 5.51ms "
256," fft_test_len_256_factors_2_2_8_2_4_wgs_64_tpt_64_dirReg"," 5.51ms "
256," fft_test_len_256_factors_2_4_2_2_8_wgs_64_tpt_64_dirReg"," 5.51ms "
256," fft_test_len_256_factors_2_2_4_2_8_wgs_64_tpt_64_dirReg"," 5.52ms "
256," fft_test_len_256_factors_2_2_4_8_2_wgs_64_tpt_64_halfLds_dirReg"," 5.52ms "
256," fft_test_len_256_factors_2_2_8_4_2_wgs_64_tpt_64_dirReg"," 5.52ms "
256," fft_test_len_256_factors_2_2_2_2_2_8_wgs_64_tpt_64_halfLds_dirReg"," 5.53ms "
256," fft_test_len_256_factors_2_2_2_8_2_2_wgs_64_tpt_64_dirReg"," 5.53ms "
256," fft_test_len_256_factors_2_2_4_2_8_wgs_64_tpt_64_halfLds_dirReg"," 5.53ms "
256," fft_test_len_256_factors_4_2_4_8_wgs_64_tpt_64_dirReg"," 5.53ms "
256," fft_test_len_256_factors_4_8_4_2_wgs_64_tpt_64_halfLds_dirReg"," 5.53ms "
256," fft_test_len_256_factors_4_4_8_2_wgs_64_tpt_64"," 5.54ms "
256," fft_test_len_256_factors_2_4_4_8_wgs_64_tpt_64_dirReg"," 5.55ms "
256," fft_test_len_256_factors_4_4_4_4_wgs_64_tpt_64_dirReg"," 5.55ms "
256," fft_test_len_256_factors_2_2_2_2_2_8_wgs_64_tpt_64_dirReg"," 5.56ms "
256," fft_test_len_256_factors_2_2_2_4_8_wgs_64_tpt_64_dirReg"," 5.56ms "
256," fft_test_len_256_factors_2_4_2_2_8_wgs_64_tpt_64_halfLds_dirReg"," 5.56ms "
256," fft_test_len_256_factors_2_8_4_2_2_wgs_64_tpt_64_dirReg"," 5.56ms "
256," fft_test_len_256_factors_2_4_4_2_4_wgs_64_tpt_64_dirReg"," 5.56ms "
256," fft_test_len_256_factors_2_4_4_8_wgs_64_tpt_64_halfLds_dirReg"," 5.56ms "
256," fft_test_len_256_factors_2_4_8_4_wgs_64_tpt_64"," 5.56ms "
256," fft_test_len_256_factors_2_2_2_2_8_2_wgs_64_tpt_64_halfLds_dirReg"," 5.57ms "
256," fft_test_len_256_factors_2_2_2_4_4_2_wgs_64_tpt_64"," 5.57ms "
256," fft_test_len_256_factors_2_2_4_8_2_wgs_64_tpt_64"," 5.57ms "
256," fft_test_len_256_factors_4_8_2_2_2_wgs_64_tpt_64_dirReg"," 5.57ms "
256," fft_test_len_256_factors_4_2_8_4_wgs_64_tpt_64"," 5.57ms "
256," fft_test_len_256_factors_4_2_8_2_2_wgs_64_tpt_64_halfLds_dirReg"," 5.59ms "
256," fft_test_len_256_factors_2_8_4_4_wgs_64_tpt_64_dirReg"," 5.59ms "
256," fft_test_len_256_factors_8_2_4_4_wgs_64_tpt_64_halfLds_dirReg"," 5.59ms "
256," fft_test_len_256_factors_8_2_4_4_wgs_64_tpt_64_dirReg"," 5.59ms "
256," fft_test_len_256_factors_8_4_8_wgs_64_tpt_64"," 5.59ms "
256," fft_test_len_256_factors_2_4_2_8_2_wgs_64_tpt_64_dirReg"," 5.6ms "
256," fft_test_len_256_factors_8_2_2_2_4_wgs_64_tpt_64_halfLds_dirReg"," 5.6ms "
256," fft_test_len_256_factors_4_4_4_2_2_wgs_64_tpt_64"," 5.6ms "
256," fft_test_len_256_factors_8_4_2_4_wgs_64_tpt_64_halfLds_dirReg"," 5.6ms "
256," fft_test_len_256_factors_4_8_8_wgs_64_tpt_64_dirReg"," 5.6ms "
256," fft_test_len_256_factors_2_2_2_2_8_2_wgs_64_tpt_64"," 5.61ms "
256," fft_test_len_256_factors_2_2_2_8_2_2_wgs_64_tpt_64"," 5.61ms "
256," fft_test_len_256_factors_2_2_8_2_2_2_wgs_64_tpt_64_dirReg"," 5.61ms "
256," fft_test_len_256_factors_8_4_2_4_wgs_64_tpt_64_dirReg"," 5.61ms "
256," fft_test_len_256_factors_2_2_8_4_2_wgs_64_tpt_64"," 5.63ms "
256," fft_test_len_256_factors_4_2_8_2_2_wgs_64_tpt_64"," 5.63ms "
256," fft_test_len_256_factors_8_2_2_2_4_wgs_64_tpt_64_dirReg"," 5.63ms "
256," fft_test_len_256_factors_2_4_2_8_2_wgs_64_tpt_64"," 5.64ms "
256," fft_test_len_256_factors_2_4_8_2_2_wgs_64_tpt_64_dirReg"," 5.64ms "
256," fft_test_len_256_factors_2_4_4_4_2_wgs_64_tpt_64"," 5.65ms "
256," fft_test_len_256_factors_2_4_8_2_2_wgs_64_tpt_64_halfLds_dirReg"," 5.67ms "
256," fft_test_len_256_factors_4_8_2_4_wgs_64_tpt_64_halfLds_dirReg"," 5.68ms "
256," fft_test_len_256_factors_2_4_2_8_2_wgs_64_tpt_64_halfLds_dirReg"," 5.7ms "
256," fft_test_len_256_factors_2_8_4_4_wgs_64_tpt_64"," 5.7ms "
256," fft_test_len_256_factors_2_2_8_4_2_wgs_64_tpt_64_halfLds_dirReg"," 5.71ms "
256," fft_test_len_256_factors_8_2_2_4_2_wgs_64_tpt_64_dirReg"," 5.71ms "
256," fft_test_len_256_factors_16_4_4_wgs_64_tpt_64"," 5.71ms "
256," fft_test_len_256_factors_2_2_8_2_4_wgs_64_tpt_64"," 5.72ms "
256," fft_test_len_256_factors_8_2_4_2_2_wgs_64_tpt_64_halfLds_dirReg"," 5.72ms "
256," fft_test_len_256_factors_8_4_2_2_2_wgs_64_tpt_64_halfLds_dirReg"," 5.72ms "
256," fft_test_len_256_factors_2_8_4_4_wgs_64_tpt_64_halfLds_dirReg"," 5.72ms "
256," fft_test_len_256_factors_8_8_4_wgs_64_tpt_64_halfLds_dirReg"," 5.72ms "
256," fft_test_len_256_factors_8_8_4_wgs_64_tpt_64_dirReg"," 5.72ms "
256," fft_test_len_256_factors_8_2_2_2_2_2_wgs_64_tpt_64_halfLds_dirReg"," 5.73ms "
256," fft_test_len_256_factors_8_4_2_2_2_wgs_64_tpt_64_dirReg"," 5.73ms "
256," fft_test_len_256_factors_8_4_4_2_wgs_64_tpt_64_dirReg"," 5.73ms "
256," fft_test_len_256_factors_8_2_2_4_2_wgs_64_tpt_64_halfLds_dirReg"," 5.74ms "
256," fft_test_len_256_factors_8_4_4_2_wgs_64_tpt_64_halfLds_dirReg"," 5.74ms "
256," fft_test_len_256_factors_4_4_4_4_wgs_64_tpt_64"," 5.74ms "
256," fft_test_len_256_factors_8_2_2_2_2_2_wgs_64_tpt_64_dirReg"," 5.75ms "
256," fft_test_len_256_factors_8_2_2_2_2_2_wgs_128_tpt_128"," 5.75ms "
256," fft_test_len_256_factors_2_8_2_4_2_wgs_64_tpt_64_dirReg"," 5.75ms "
256," fft_test_len_256_factors_4_8_2_2_2_wgs_64_tpt_64_halfLds_dirReg"," 5.75ms "
256," fft_test_len_256_factors_2_2_2_2_2_4_2_wgs_64_tpt_64"," 5.76ms "
256," fft_test_len_256_factors_4_2_2_2_2_4_wgs_128_tpt_128_dirReg"," 5.76ms "
256," fft_test_len_256_factors_2_4_8_2_2_wgs_64_tpt_64"," 5.76ms "
256," fft_test_len_256_factors_2_8_2_4_2_wgs_64_tpt_64"," 5.76ms "
256," fft_test_len_256_factors_2_8_4_2_2_wgs_64_tpt_64_halfLds_dirReg"," 5.76ms "
256," fft_test_len_256_factors_8_2_4_2_2_wgs_64_tpt_64_dirReg"," 5.76ms "
256," fft_test_len_256_factors_2_2_2_2_2_8_wgs_64_tpt_64"," 5.77ms "
256," fft_test_len_256_factors_2_2_2_8_2_2_wgs_64_tpt_64_halfLds_dirReg"," 5.77ms "
256," fft_test_len_256_factors_2_8_4_2_2_wgs_64_tpt_64"," 5.78ms "
256," fft_test_len_256_factors_2_8_2_2_2_2_wgs_64_tpt_64_dirReg"," 5.79ms "
256," fft_test_len_256_factors_2_2_8_8_wgs_64_tpt_64_dirReg"," 5.79ms "
256," fft_test_len_256_factors_2_8_2_4_2_wgs_64_tpt_64_halfLds_dirReg"," 5.8ms "
256," fft_test_len_256_factors_8_8_2_2_wgs_64_tpt_64_halfLds_dirReg"," 5.82ms "
256," fft_test_len_256_factors_8_8_2_2_wgs_64_tpt_64_dirReg"," 5.82ms "
256," fft_test_len_256_factors_8_2_8_2_wgs_64_tpt_64_halfLds_dirReg"," 5.83ms "
256," fft_test_len_256_factors_8_2_8_2_wgs_64_tpt_64_dirReg"," 5.83ms "
256," fft_test_len_256_factors_8_8_4_wgs_64_tpt_64"," 5.84ms "
256," fft_test_len_256_factors_2_8_2_2_4_wgs_64_tpt_64_dirReg"," 5.85ms "
256," fft_test_len_256_factors_2_8_2_2_4_wgs_64_tpt_64"," 5.85ms "
256," fft_test_len_256_factors_2_2_8_2_2_2_wgs_64_tpt_64"," 5.86ms "
256," fft_test_len_256_factors_4_4_2_2_4_wgs_128_tpt_128_dirReg"," 5.86ms "
256," fft_test_len_256_factors_4_8_8_wgs_64_tpt_64"," 5.86ms "
256," fft_test_len_256_factors_2_2_8_8_wgs_64_tpt_64"," 5.88ms "
256," fft_test_len_256_factors_8_8_2_2_wgs_64_tpt_64"," 5.88ms "
256," fft_test_len_256_factors_2_8_2_2_2_2_wgs_64_tpt_64_halfLds_dirReg"," 5.89ms "
256," fft_test_len_256_factors_2_4_2_2_2_4_wgs_128_tpt_128_dirReg"," 5.92ms "
256," fft_test_len_256_factors_4_8_8_wgs_64_tpt_64_halfLds_dirReg"," 5.93ms "
256," fft_test_len_256_factors_2_2_8_2_2_2_wgs_64_tpt_64_halfLds_dirReg"," 5.94ms "
256," fft_test_len_256_factors_2_2_2_2_2_2_4_wgs_128_tpt_128_dirReg"," 5.95ms "
256," fft_test_len_256_factors_16_2_2_4_wgs_64_tpt_64"," 5.95ms "
256," fft_test_len_256_factors_16_4_2_2_wgs_64_tpt_64"," 5.95ms "
256," fft_test_len_256_factors_8_2_2_8_wgs_64_tpt_64_halfLds_dirReg"," 5.95ms "
256," fft_test_len_256_factors_8_2_2_8_wgs_64_tpt_64_dirReg"," 5.95ms "
256," fft_test_len_256_factors_4_2_2_2_2_2_2_wgs_128_tpt_128_dirReg"," 5.96ms "
256," fft_test_len_256_factors_4_4_2_2_2_2_wgs_128_tpt_128_dirReg"," 5.97ms "
256," fft_test_len_256_factors_16_2_4_2_wgs_64_tpt_64"," 5.97ms "
256," fft_test_len_256_factors_2_8_2_2_4_wgs_64_tpt_64_halfLds_dirReg"," 5.98ms "
256," fft_test_len_256_factors_4_8_4_2_wgs_64_tpt_64"," 5.98ms "
256," fft_test_len_256_factors_8_4_8_wgs_64_tpt_64_dirReg"," 5.98ms "
256," fft_test_len_256_factors_8_4_8_wgs_64_tpt_64_halfLds_dirReg"," 6ms "
256," fft_test_len_256_factors_4_8_2_4_wgs_64_tpt_64"," 6.01ms "
256," fft_test_len_256_factors_8_4_2_2_2_wgs_128_tpt_128"," 6.03ms "
256," fft_test_len_256_factors_2_2_2_2_4_4_wgs_128_tpt_128_dirReg"," 6.04ms "
256," fft_test_len_256_factors_4_8_2_2_2_wgs_64_tpt_64"," 6.04ms "
256," fft_test_len_256_factors_8_2_2_2_4_wgs_128_tpt_128_dirReg"," 6.07ms "
256," fft_test_len_256_factors_4_2_2_4_4_wgs_128_tpt_128_dirReg"," 6.08ms "
256," fft_test_len_256_factors_4_2_2_2_4_2_wgs_128_tpt_128_dirReg"," 6.09ms "
256," fft_test_len_256_factors_4_2_4_2_4_wgs_128_tpt_128_dirReg"," 6.1ms "
256," fft_test_len_256_factors_2_2_4_2_2_2_2_wgs_128_tpt_128_dirReg"," 6.12ms "
256," fft_test_len_256_factors_8_2_2_2_4_wgs_128_tpt_128_halfLds_dirReg"," 6.12ms "
256," fft_test_len_256_factors_4_4_2_2_4_wgs_128_tpt_128_halfLds_dirReg"," 6.12ms "
256," fft_test_len_256_factors_2_4_2_2_2_2_2_wgs_128_tpt_128"," 6.13ms "
256," fft_test_len_256_factors_2_2_2_2_2_2_4_wgs_128_tpt_128"," 6.14ms "
256," fft_test_len_256_factors_2_2_4_2_2_4_wgs_128_tpt_128_dirReg"," 6.15ms "
256," fft_test_len_256_factors_2_2_2_4_2_2_2_wgs_128_tpt_128_dirReg"," 6.16ms "
256," fft_test_len_256_factors_2_2_2_2_4_4_wgs_128_tpt_128_halfLds_dirReg"," 6.16ms "
256," fft_test_len_256_factors_2_2_2_2_4_2_2_wgs_128_tpt_128_dirReg"," 6.18ms "
256," fft_test_len_256_factors_4_2_2_4_2_2_wgs_128_tpt_128"," 6.18ms "
256," fft_test_len_256_factors_8_2_2_2_4_wgs_128_tpt_128"," 6.18ms "
256," fft_test_len_256_factors_2_2_2_4_2_4_wgs_128_tpt_128_dirReg"," 6.19ms "
256," fft_test_len_256_factors_4_2_2_2_2_2_2_wgs_128_tpt_128"," 6.2ms "
256," fft_test_len_256_factors_2_8_2_2_2_2_wgs_64_tpt_64"," 6.2ms "
256," fft_test_len_256_factors_8_4_2_2_2_wgs_128_tpt_128_dirReg"," 6.2ms "
256," fft_test_len_256_factors_4_2_2_4_4_wgs_128_tpt_128_halfLds_dirReg"," 6.2ms "
256," fft_test_len_256_factors_4_2_2_4_4_wgs_128_tpt_128"," 6.2ms "
256," fft_test_len_256_factors_4_4_2_2_4_wgs_128_tpt_128"," 6.2ms "
256," fft_test_len_256_factors_2_2_2_4_4_2_wgs_128_tpt_128_dirReg"," 6.21ms "
256," fft_test_len_256_factors_4_2_4_2_2_2_wgs_128_tpt_128_dirReg"," 6.21ms "
256," fft_test_len_256_factors_2_2_8_8_wgs_64_tpt_64_halfLds_dirReg"," 6.22ms "
256," fft_test_len_256_factors_16_2_2_2_2_wgs_64_tpt_64"," 6.23ms "
256," fft_test_len_256_factors_8_2_4_2_2_wgs_128_tpt_128"," 6.23ms "
256," fft_test_len_256_factors_2_2_2_2_2_4_2_wgs_128_tpt_128_dirReg"," 6.24ms "
256," fft_test_len_256_factors_4_2_2_2_2_2_2_wgs_128_tpt_128_halfLds_dirReg"," 6.24ms "
256," fft_test_len_256_factors_4_2_2_2_2_4_wgs_128_tpt_128_halfLds_dirReg"," 6.24ms "
256," fft_test_len_256_factors_8_2_2_4_2_wgs_128_tpt_128"," 6.24ms "
256," fft_test_len_256_factors_2_8_8_2_wgs_64_tpt_64"," 6.24ms "
256," fft_test_len_256_factors_8_4_2_4_wgs_128_tpt_128_dirReg"," 6.24ms "
256," fft_test_len_256_factors_2_2_4_4_4_wgs_128_tpt_128_dirReg"," 6.25ms "
256," fft_test_len_256_factors_4_4_4_2_2_wgs_128_tpt_128"," 6.25ms "
256," fft_test_len_256_factors_8_2_4_4_wgs_128_tpt_128"," 6.25ms "
256," fft_test_len_256_factors_4_2_2_4_2_2_wgs_128_tpt_128_dirReg"," 6.26ms "
256," fft_test_len_256_factors_8_2_4_4_wgs_128_tpt_128_dirReg"," 6.26ms "
256," fft_test_len_256_factors_8_4_4_2_wgs_128_tpt_128_dirReg"," 6.26ms "
256," fft_test_len_256_factors_8_2_2_2_2_2_wgs_128_tpt_128_dirReg"," 6.27ms "
256," fft_test_len_256_factors_2_4_2_2_2_2_2_wgs_128_tpt_128_dirReg"," 6.29ms "
256," fft_test_len_256_factors_8_2_2_2_2_2_wgs_128_tpt_128_halfLds_dirReg"," 6.29ms "
256," fft_test_len_256_factors_4_2_2_2_2_4_wgs_128_tpt_128"," 6.29ms "
256," fft_test_len_256_factors_4_4_2_2_2_2_wgs_128_tpt_128_halfLds_dirReg"," 6.29ms "
256," fft_test_len_256_factors_2_8_2_8_wgs_64_tpt_64_dirReg"," 6.29ms "
256," fft_test_len_256_factors_2_8_8_2_wgs_64_tpt_64_dirReg"," 6.29ms "
256," fft_test_len_256_factors_4_4_2_2_2_2_wgs_128_tpt_128"," 6.3ms "
256," fft_test_len_256_factors_8_2_2_4_2_wgs_128_tpt_128_dirReg"," 6.31ms "
256," fft_test_len_256_factors_8_4_2_4_wgs_128_tpt_128"," 6.31ms "
256," fft_test_len_256_factors_8_4_4_2_wgs_128_tpt_128"," 6.31ms "
256," fft_test_len_256_factors_4_2_4_4_2_wgs_128_tpt_128_dirReg"," 6.32ms "
256," fft_test_len_256_factors_4_4_2_4_2_wgs_128_tpt_128_dirReg"," 6.35ms "
256," fft_test_len_256_factors_8_4_2_4_wgs_128_tpt_128_halfLds_dirReg"," 6.36ms "
256," fft_test_len_256_factors_4_2_4_2_4_wgs_128_tpt_128_halfLds_dirReg"," 6.38ms "
256," fft_test_len_256_factors_2_2_2_4_2_2_2_wgs_128_tpt_128"," 6.39ms "
256," fft_test_len_256_factors_2_2_4_2_2_4_wgs_128_tpt_128_halfLds_dirReg"," 6.39ms "
256," fft_test_len_256_factors_8_2_4_4_wgs_128_tpt_128_halfLds_dirReg"," 6.39ms "
256," fft_test_len_256_factors_2_4_2_2_2_4_wgs_128_tpt_128_halfLds_dirReg"," 6.41ms "
256," fft_test_len_256_factors_2_4_4_2_2_2_wgs_128_tpt_128_dirReg"," 6.41ms "
256," fft_test_len_256_factors_2_4_4_2_2_2_wgs_128_tpt_128"," 6.41ms "
256," fft_test_len_256_factors_2_2_4_4_2_2_wgs_128_tpt_128_dirReg"," 6.42ms "
256," fft_test_len_256_factors_2_4_2_4_4_wgs_128_tpt_128_dirReg"," 6.42ms "
256," fft_test_len_256_factors_2_2_4_2_4_2_wgs_128_tpt_128_dirReg"," 6.43ms "
256," fft_test_len_256_factors_4_4_4_2_2_wgs_128_tpt_128_dirReg"," 6.43ms "
256," fft_test_len_256_factors_2_2_2_4_2_4_wgs_128_tpt_128_halfLds_dirReg"," 6.45ms "
256," fft_test_len_256_factors_2_2_4_4_4_wgs_128_tpt_128_halfLds_dirReg"," 6.45ms "
256," fft_test_len_256_factors_4_2_4_2_4_wgs_128_tpt_128"," 6.45ms "
256," fft_test_len_256_factors_2_2_2_2_4_2_2_wgs_128_tpt_128"," 6.46ms "
256," fft_test_len_256_factors_4_4_2_4_2_wgs_128_tpt_128"," 6.46ms "
256," fft_test_len_256_factors_2_2_8_2_4_wgs_64_tpt_64_halfLds_dirReg"," 6.47ms "
256," fft_test_len_256_factors_8_2_4_2_2_wgs_128_tpt_128_dirReg"," 6.48ms "
256," fft_test_len_256_factors_2_4_2_2_2_4_wgs_128_tpt_128"," 6.49ms "
256," fft_test_len_256_factors_2_2_4_2_2_2_2_wgs_128_tpt_128"," 6.5ms "
256," fft_test_len_256_factors_2_8_8_2_wgs_64_tpt_64_halfLds_dirReg"," 6.5ms "
256," fft_test_len_256_factors_4_2_2_2_4_2_wgs_128_tpt_128_halfLds_dirReg"," 6.52ms "
256," fft_test_len_256_factors_4_4_2_4_2_wgs_128_tpt_128_halfLds_dirReg"," 6.53ms "
256," fft_test_len_256_factors_2_2_2_2_2_2_4_wgs_128_tpt_128_halfLds_dirReg"," 6.54ms "
256," fft_test_len_256_factors_2_4_2_2_2_2_2_wgs_128_tpt_128_halfLds_dirReg"," 6.54ms "
256," fft_test_len_256_factors_8_4_2_2_2_wgs_128_tpt_128_halfLds_dirReg"," 6.55ms "
256," fft_test_len_256_factors_8_2_2_4_2_wgs_128_tpt_128_halfLds_dirReg"," 6.56ms "
256," fft_test_len_256_factors_4_4_4_2_2_wgs_128_tpt_128_halfLds_dirReg"," 6.56ms "
256," fft_test_len_256_factors_4_2_4_2_2_2_wgs_128_tpt_128_halfLds_dirReg"," 6.57ms "
256," fft_test_len_256_factors_2_2_2_2_4_2_2_wgs_128_tpt_128_halfLds_dirReg"," 6.58ms "
256," fft_test_len_256_factors_2_2_4_2_2_2_2_wgs_128_tpt_128_halfLds_dirReg"," 6.58ms "
256," fft_test_len_256_factors_2_2_2_2_4_4_wgs_128_tpt_128"," 6.58ms "
256," fft_test_len_256_factors_8_4_4_2_wgs_128_tpt_128_halfLds_dirReg"," 6.58ms "
256," fft_test_len_256_factors_2_2_2_2_2_2_2_2_wgs_128_tpt_128_dirReg"," 6.59ms "
256," fft_test_len_256_factors_4_2_2_2_4_2_wgs_128_tpt_128"," 6.6ms "
256," fft_test_len_256_factors_2_8_2_8_wgs_64_tpt_64_halfLds_dirReg"," 6.6ms "
256," fft_test_len_256_factors_2_4_2_4_2_2_wgs_128_tpt_128_dirReg"," 6.61ms "
256," fft_test_len_256_factors_2_4_2_4_4_wgs_128_tpt_128_halfLds_dirReg"," 6.63ms "
256," fft_test_len_256_factors_2_2_2_4_4_2_wgs_128_tpt_128_halfLds_dirReg"," 6.64ms "
256," fft_test_len_256_factors_2_4_4_2_4_wgs_128_tpt_128_halfLds_dirReg"," 6.64ms "
256," fft_test_len_256_factors_2_4_4_2_4_wgs_128_tpt_128_dirReg"," 6.64ms "
256," fft_test_len_256_factors_4_2_4_4_2_wgs_128_tpt_128"," 6.64ms "
256," fft_test_len_256_factors_8_2_2_8_wgs_128_tpt_128_dirReg"," 6.64ms "
256," fft_test_len_256_factors_2_4_2_4_2_2_wgs_128_tpt_128"," 6.66ms "
256," fft_test_len_256_factors_2_2_2_4_2_2_2_wgs_128_tpt_128_halfLds_dirReg"," 6.67ms "
256," fft_test_len_256_factors_2_4_4_4_2_wgs_128_tpt_128"," 6.67ms "
256," fft_test_len_256_factors_2_4_4_2_4_wgs_128_tpt_128"," 6.69ms "
256," fft_test_len_256_factors_2_2_2_2_2_4_2_wgs_128_tpt_128_halfLds_dirReg"," 6.7ms "
256," fft_test_len_256_factors_2_4_2_2_4_2_wgs_128_tpt_128_dirReg"," 6.7ms "
256," fft_test_len_256_factors_2_4_2_4_4_wgs_128_tpt_128"," 6.7ms "
256," fft_test_len_256_factors_2_4_4_4_2_wgs_128_tpt_128_dirReg"," 6.7ms "
256," fft_test_len_256_factors_16_2_2_4_wgs_64_tpt_64_halfLds_dirReg"," 6.7ms "
256," fft_test_len_256_factors_4_2_2_4_2_2_wgs_128_tpt_128_halfLds_dirReg"," 6.72ms "
256," fft_test_len_256_factors_16_2_2_4_wgs_64_tpt_64_dirReg"," 6.72ms "
256," fft_test_len_256_factors_2_2_4_2_2_4_wgs_128_tpt_128"," 6.73ms "
256," fft_test_len_256_factors_4_2_4_4_2_wgs_128_tpt_128_halfLds_dirReg"," 6.75ms "
256," fft_test_len_256_factors_8_2_4_2_2_wgs_128_tpt_128_halfLds_dirReg"," 6.76ms "
256," fft_test_len_256_factors_4_2_4_8_wgs_128_tpt_128_dirReg"," 6.76ms "
256," fft_test_len_256_factors_16_4_4_wgs_64_tpt_64_halfLds_dirReg"," 6.77ms "
256," fft_test_len_256_factors_2_4_4_2_2_2_wgs_128_tpt_128_halfLds_dirReg"," 6.78ms "
256," fft_test_len_256_factors_4_4_2_8_wgs_128_tpt_128_dirReg"," 6.78ms "
256," fft_test_len_256_factors_2_2_2_4_4_2_wgs_128_tpt_128"," 6.79ms "
256," fft_test_len_256_factors_16_4_4_wgs_64_tpt_64_dirReg"," 6.79ms "
256," fft_test_len_256_factors_2_2_2_4_2_4_wgs_128_tpt_128"," 6.8ms "
256," fft_test_len_256_factors_2_2_4_4_4_wgs_128_tpt_128"," 6.81ms "
256," fft_test_len_256_factors_2_2_4_2_4_2_wgs_128_tpt_128_halfLds_dirReg"," 6.82ms "
256," fft_test_len_256_factors_16_2_2_2_2_wgs_64_tpt_64_dirReg"," 6.82ms "
256," fft_test_len_256_factors_2_2_4_4_2_2_wgs_128_tpt_128_halfLds_dirReg"," 6.84ms "
256," fft_test_len_256_factors_2_4_2_2_4_2_wgs_128_tpt_128"," 6.84ms "
256," fft_test_len_256_factors_4_2_2_2_8_wgs_128_tpt_128_dirReg"," 6.85ms "
256," fft_test_len_256_factors_2_4_4_4_2_wgs_128_tpt_128_halfLds_dirReg"," 6.85ms "
256," fft_test_len_256_factors_2_2_4_4_2_2_wgs_128_tpt_128"," 6.86ms "
256," fft_test_len_256_factors_4_2_2_8_2_wgs_128_tpt_128_dirReg"," 6.86ms "
256," fft_test_len_256_factors_4_4_16_wgs_64_tpt_64"," 6.88ms "
256," fft_test_len_256_factors_2_2_2_2_2_4_2_wgs_128_tpt_128"," 6.9ms "
256," fft_test_len_256_factors_2_2_2_2_2_8_wgs_128_tpt_128_dirReg"," 6.9ms "
256," fft_test_len_256_factors_2_8_2_2_2_2_wgs_128_tpt_128_dirReg"," 6.92ms "
256," fft_test_len_256_factors_4_4_8_2_wgs_128_tpt_128_dirReg"," 6.92ms "
256," fft_test_len_256_factors_4_8_2_2_2_wgs_128_tpt_128_dirReg"," 6.93ms "
256," fft_test_len_256_factors_16_2_4_2_wgs_64_tpt_64_halfLds_dirReg"," 6.93ms "
256," fft_test_len_256_factors_16_2_4_2_wgs_64_tpt_64_dirReg"," 6.93ms "
256," fft_test_len_256_factors_16_4_2_2_wgs_64_tpt_64_halfLds_dirReg"," 6.93ms "
256," fft_test_len_256_factors_16_4_2_2_wgs_64_tpt_64_dirReg"," 6.93ms "
256," fft_test_len_256_factors_2_4_2_4_2_2_wgs_128_tpt_128_halfLds_dirReg"," 6.94ms "
256," fft_test_len_256_factors_2_8_2_2_4_wgs_128_tpt_128_dirReg"," 6.94ms "
256," fft_test_len_256_factors_16_2_2_2_2_wgs_64_tpt_64_halfLds_dirReg"," 6.95ms "
256," fft_test_len_256_factors_4_2_4_2_2_2_wgs_128_tpt_128"," 6.98ms "
256," fft_test_len_256_factors_8_8_2_2_wgs_128_tpt_128"," 7ms "
256," fft_test_len_256_factors_2_2_4_2_4_2_wgs_128_tpt_128"," 7.04ms "
256," fft_test_len_256_factors_2_4_2_2_4_2_wgs_128_tpt_128_halfLds_dirReg"," 7.09ms "
256," fft_test_len_256_factors_4_8_2_4_wgs_128_tpt_128_dirReg"," 7.09ms "
256," fft_test_len_256_factors_4_2_2_16_wgs_64_tpt_64"," 7.12ms "
256," fft_test_len_256_factors_2_2_2_4_8_wgs_128_tpt_128_dirReg"," 7.18ms "
256," fft_test_len_256_factors_2_2_4_16_wgs_64_tpt_64"," 7.19ms "
256," fft_test_len_256_factors_2_4_2_16_wgs_64_tpt_64"," 7.19ms "
256," fft_test_len_256_factors_2_8_2_8_wgs_64_tpt_64"," 7.23ms "
256," fft_test_len_256_factors_4_16_4_wgs_64_tpt_64_dirReg"," 7.23ms "
256," fft_test_len_256_factors_4_8_2_4_wgs_128_tpt_128_halfLds_dirReg"," 7.24ms "
256," fft_test_len_256_factors_4_16_2_2_wgs_64_tpt_64_halfLds_dirReg"," 7.25ms "
256," fft_test_len_256_factors_8_2_8_2_wgs_128_tpt_128"," 7.25ms "
256," fft_test_len_256_factors_4_8_4_2_wgs_128_tpt_128_dirReg"," 7.25ms "
256," fft_test_len_256_factors_4_2_8_4_wgs_128_tpt_128_dirReg"," 7.27ms "
256," fft_test_len_256_factors_2_2_2_2_2_2_2_2_wgs_128_tpt_128_halfLds_dirReg"," 7.32ms "
256," fft_test_len_256_factors_2_4_4_8_wgs_128_tpt_128_dirReg"," 7.32ms "
256," fft_test_len_256_factors_2_4_2_2_8_wgs_128_tpt_128_dirReg"," 7.34ms "
256," fft_test_len_256_factors_2_2_2_2_8_2_wgs_128_tpt_128_dirReg"," 7.38ms "
256," fft_test_len_256_factors_4_2_8_4_wgs_128_tpt_128_halfLds_dirReg"," 7.41ms "
256," fft_test_len_256_factors_8_2_2_8_wgs_128_tpt_128_halfLds_dirReg"," 7.43ms "
256," fft_test_len_256_factors_2_2_2_2_16_wgs_64_tpt_64"," 7.44ms "
256," fft_test_len_256_factors_2_2_2_4_8_wgs_128_tpt_128_halfLds_dirReg"," 7.44ms "
256," fft_test_len_256_factors_2_2_8_2_4_wgs_128_tpt_128_dirReg"," 7.44ms "
256," fft_test_len_256_factors_2_4_8_2_2_wgs_128_tpt_128_dirReg"," 7.44ms "
256," fft_test_len_256_factors_8_8_2_2_wgs_128_tpt_128_dirReg"," 7.45ms "
256," fft_test_len_256_factors_2_2_4_2_8_wgs_128_tpt_128_dirReg"," 7.46ms "
256," fft_test_len_256_factors_2_4_2_8_2_wgs_128_tpt_128_dirReg"," 7.46ms "
256," fft_test_len_256_factors_4_16_2_2_wgs_64_tpt_64_dirReg"," 7.49ms "
256," fft_test_len_256_factors_4_4_8_2_wgs_128_tpt_128_halfLds_dirReg"," 7.5ms "
256," fft_test_len_256_factors_2_2_2_8_4_wgs_128_tpt_128_dirReg"," 7.51ms "
256," fft_test_len_256_factors_4_2_2_8_2_wgs_128_tpt_128_halfLds_dirReg"," 7.51ms "
256," fft_test_len_256_factors_8_2_2_8_wgs_128_tpt_128"," 7.51ms "
256," fft_test_len_256_factors_2_2_8_2_2_2_wgs_128_tpt_128_dirReg"," 7.52ms "
256," fft_test_len_256_factors_4_2_8_4_wgs_128_tpt_128"," 7.52ms "
256," fft_test_len_256_factors_8_2_8_2_wgs_128_tpt_128_dirReg"," 7.53ms "
256," fft_test_len_256_factors_2_2_2_8_2_2_wgs_128_tpt_128_dirReg"," 7.55ms "
256," fft_test_len_256_factors_4_2_2_2_8_wgs_128_tpt_128"," 7.55ms "
256," fft_test_len_256_factors_4_8_4_2_wgs_128_tpt_128"," 7.56ms "
256," fft_test_len_256_factors_4_8_2_2_2_wgs_128_tpt_128_halfLds_dirReg"," 7.57ms "
256," fft_test_len_256_factors_4_8_2_2_2_wgs_128_tpt_128"," 7.58ms "
256," fft_test_len_256_factors_2_4_8_4_wgs_128_tpt_128_dirReg"," 7.59ms "
256," fft_test_len_256_factors_2_8_2_2_4_wgs_128_tpt_128_halfLds_dirReg"," 7.6ms "
256," fft_test_len_256_factors_4_16_4_wgs_64_tpt_64_halfLds_dirReg"," 7.61ms "
256," fft_test_len_256_factors_2_2_2_8_4_wgs_128_tpt_128_halfLds_dirReg"," 7.64ms "
256," fft_test_len_256_factors_2_8_4_4_wgs_128_tpt_128_dirReg"," 7.64ms "
256," fft_test_len_256_factors_8_8_2_2_wgs_128_tpt_128_halfLds_dirReg"," 7.66ms "
256," fft_test_len_256_factors_2_16_4_2_wgs_64_tpt_64_dirReg"," 7.67ms "
256," fft_test_len_256_factors_8_2_8_2_wgs_128_tpt_128_halfLds_dirReg"," 7.68ms "
256," fft_test_len_256_factors_4_2_8_2_2_wgs_128_tpt_128_dirReg"," 7.72ms "
256," fft_test_len_256_factors_2_4_8_4_wgs_128_tpt_128_halfLds_dirReg"," 7.72ms "
256," fft_test_len_256_factors_2_2_4_8_2_wgs_128_tpt_128_dirReg"," 7.73ms "
256," fft_test_len_256_factors_4_4_2_8_wgs_128_tpt_128_halfLds_dirReg"," 7.73ms "
256," fft_test_len_256_factors_4_4_2_8_wgs_128_tpt_128"," 7.73ms "
256," fft_test_len_256_factors_4_8_4_2_wgs_128_tpt_128_halfLds_dirReg"," 7.73ms "
256," fft_test_len_256_factors_4_2_2_8_2_wgs_128_tpt_128"," 7.74ms "
256," fft_test_len_256_factors_4_2_8_2_2_wgs_128_tpt_128"," 7.74ms "
256," fft_test_len_256_factors_4_2_8_2_2_wgs_128_tpt_128_halfLds_dirReg"," 7.75ms "
256," fft_test_len_256_factors_4_2_4_8_wgs_128_tpt_128"," 7.75ms "
256," fft_test_len_256_factors_2_8_2_2_2_2_wgs_128_tpt_128"," 7.79ms "
256," fft_test_len_256_factors_2_8_4_2_2_wgs_128_tpt_128_dirReg"," 7.8ms "
256," fft_test_len_256_factors_2_2_4_2_8_wgs_128_tpt_128_halfLds_dirReg"," 7.82ms "
256," fft_test_len_256_factors_2_8_4_4_wgs_128_tpt_128_halfLds_dirReg"," 7.82ms "
256," fft_test_len_256_factors_4_2_4_8_wgs_128_tpt_128_halfLds_dirReg"," 7.83ms "
256," fft_test_len_256_factors_2_8_2_2_2_2_wgs_128_tpt_128_halfLds_dirReg"," 7.84ms "
256," fft_test_len_256_factors_2_4_8_2_2_wgs_128_tpt_128"," 7.85ms "
256," fft_test_len_256_factors_2_4_8_4_wgs_128_tpt_128"," 7.85ms "
256," fft_test_len_256_factors_4_2_2_2_8_wgs_128_tpt_128_halfLds_dirReg"," 7.88ms "
256," fft_test_len_256_factors_4_4_8_2_wgs_128_tpt_128"," 7.89ms "
256," fft_test_len_256_factors_2_4_2_16_wgs_64_tpt_64_halfLds_dirReg"," 7.9ms "
256," fft_test_len_256_factors_2_2_8_2_4_wgs_128_tpt_128_halfLds_dirReg"," 7.91ms "
256," fft_test_len_256_factors_2_4_4_8_wgs_128_tpt_128"," 7.91ms "
256," fft_test_len_256_factors_4_4_16_wgs_64_tpt_64_dirReg"," 7.91ms "
256," fft_test_len_256_factors_4_4_16_wgs_64_tpt_64_halfLds_dirReg"," 7.92ms "
256," fft_test_len_256_factors_2_2_8_4_2_wgs_128_tpt_128_dirReg"," 7.94ms "
256," fft_test_len_256_factors_2_2_4_16_wgs_64_tpt_64_halfLds_dirReg"," 7.94ms "
256," fft_test_len_256_factors_2_8_4_2_2_wgs_128_tpt_128"," 7.96ms "
256," fft_test_len_256_factors_4_2_2_16_wgs_64_tpt_64_dirReg"," 7.96ms "
256," fft_test_len_256_factors_2_4_8_2_2_wgs_128_tpt_128_halfLds_dirReg"," 7.98ms "
256," fft_test_len_256_factors_2_8_4_4_wgs_128_tpt_128"," 8.02ms "
256," fft_test_len_256_factors_2_4_2_8_2_wgs_128_tpt_128_halfLds_dirReg"," 8.04ms "
256," fft_test_len_256_factors_4_8_2_4_wgs_128_tpt_128"," 8.04ms "
256," fft_test_len_256_factors_2_2_2_2_16_wgs_64_tpt_64_halfLds_dirReg"," 8.05ms "
256," fft_test_len_256_factors_2_4_2_16_wgs_64_tpt_64_dirReg"," 8.05ms "
256," fft_test_len_256_factors_2_2_4_16_wgs_64_tpt_64_dirReg"," 8.09ms "
256," fft_test_len_256_factors_2_2_2_2_2_8_wgs_128_tpt_128"," 8.1ms "
256," fft_test_len_256_factors_2_2_2_8_2_2_wgs_128_tpt_128"," 8.1ms "
256," fft_test_len_256_factors_2_8_4_2_2_wgs_128_tpt_128_halfLds_dirReg"," 8.12ms "
256," fft_test_len_256_factors_4_4_4_4_wgs_256_tpt_256_dirReg"," 8.13ms "
256," fft_test_len_256_factors_2_2_8_2_2_2_wgs_128_tpt_128"," 8.15ms "
256," fft_test_len_256_factors_2_2_4_2_8_wgs_128_tpt_128"," 8.15ms "
256," fft_test_len_256_factors_4_2_2_16_wgs_64_tpt_64_halfLds_dirReg"," 8.15ms "
256," fft_test_len_256_factors_2_2_2_2_2_2_2_2_wgs_128_tpt_128"," 8.17ms "
256," fft_test_len_256_factors_16_2_2_2_2_wgs_128_tpt_128"," 8.17ms "
256," fft_test_len_256_factors_2_4_2_2_8_wgs_128_tpt_128"," 8.17ms "
256," fft_test_len_256_factors_2_2_2_2_2_8_wgs_128_tpt_128_halfLds_dirReg"," 8.19ms "
256," fft_test_len_256_factors_4_2_16_2_wgs_64_tpt_64_dirReg"," 8.2ms "
256," fft_test_len_256_factors_2_8_2_8_wgs_128_tpt_128_dirReg"," 8.2ms "
256," fft_test_len_256_factors_16_2_8_wgs_128_tpt_128_dirReg"," 8.21ms "
256," fft_test_len_256_factors_2_4_2_8_2_wgs_128_tpt_128"," 8.22ms "
256," fft_test_len_256_factors_2_8_2_4_2_wgs_128_tpt_128_dirReg"," 8.22ms "
256," fft_test_len_256_factors_2_2_2_2_16_wgs_64_tpt_64_dirReg"," 8.23ms "
256," fft_test_len_256_factors_2_2_2_4_8_wgs_128_tpt_128"," 8.23ms "
256," fft_test_len_256_factors_2_8_2_2_4_wgs_128_tpt_128"," 8.23ms "
256," fft_test_len_256_factors_2_2_8_8_wgs_128_tpt_128_dirReg"," 8.24ms "
256," fft_test_len_256_factors_2_2_4_8_2_wgs_128_tpt_128"," 8.25ms "
256," fft_test_len_256_factors_2_2_16_4_wgs_64_tpt_64_dirReg"," 8.25ms "
256," fft_test_len_256_factors_8_4_2_4_wgs_256_tpt_256_dirReg"," 8.25ms "
256," fft_test_len_256_factors_2_2_2_8_4_wgs_128_tpt_128"," 8.27ms "
256," fft_test_len_256_factors_2_4_16_2_wgs_64_tpt_64_dirReg"," 8.28ms "
256," fft_test_len_256_factors_2_2_8_8_wgs_128_tpt_128_halfLds_dirReg"," 8.28ms "
256," fft_test_len_256_factors_4_16_4_wgs_64_tpt_64"," 8.28ms "
256," fft_test_len_256_factors_2_4_4_8_wgs_128_tpt_128_halfLds_dirReg"," 8.3ms "
256," fft_test_len_256_factors_2_8_2_4_2_wgs_128_tpt_128_halfLds_dirReg"," 8.31ms "
256," fft_test_len_256_factors_8_2_4_4_wgs_256_tpt_256_dirReg"," 8.33ms "
256," fft_test_len_256_factors_2_4_2_2_8_wgs_128_tpt_128_halfLds_dirReg"," 8.34ms "
256," fft_test_len_256_factors_2_2_2_2_8_2_wgs_128_tpt_128"," 8.36ms "
256," fft_test_len_256_factors_4_16_2_2_wgs_64_tpt_64"," 8.4ms "
256," fft_test_len_256_factors_2_16_2_4_wgs_64_tpt_64_dirReg"," 8.41ms "
256," fft_test_len_256_factors_2_2_2_16_2_wgs_64_tpt_64_dirReg"," 8.42ms "
256," fft_test_len_256_factors_4_4_2_2_4_wgs_256_tpt_256_dirReg"," 8.44ms "
256," fft_test_len_256_factors_2_2_8_4_2_wgs_128_tpt_128_halfLds_dirReg"," 8.45ms "
256," fft_test_len_256_factors_16_2_2_2_2_wgs_128_tpt_128_dirReg"," 8.46ms "
256," fft_test_len_256_factors_2_16_4_2_wgs_64_tpt_64_halfLds_dirReg"," 8.46ms "
256," fft_test_len_256_factors_4_4_4_4_wgs_256_tpt_256_halfLds_dirReg"," 8.48ms "
256," fft_test_len_256_factors_4_2_4_2_4_wgs_256_tpt_256_dirReg"," 8.49ms "
256," fft_test_len_256_factors_2_8_2_4_2_wgs_128_tpt_128"," 8.5ms "
256," fft_test_len_256_factors_2_2_16_2_2_wgs_64_tpt_64_dirReg"," 8.51ms "
256," fft_test_len_256_factors_2_8_2_8_wgs_128_tpt_128"," 8.51ms "
256," fft_test_len_256_factors_8_4_8_wgs_256_tpt_256_dirReg"," 8.51ms "
256," fft_test_len_256_factors_2_2_8_4_2_wgs_128_tpt_128"," 8.52ms "
256," fft_test_len_256_factors_2_2_2_2_8_2_wgs_128_tpt_128_halfLds_dirReg"," 8.53ms "
256," fft_test_len_256_factors_2_16_2_2_2_wgs_64_tpt_64_dirReg"," 8.54ms "
256," fft_test_len_256_factors_4_2_2_4_4_wgs_256_tpt_256_dirReg"," 8.54ms "
256," fft_test_len_256_factors_4_2_16_2_wgs_64_tpt_64"," 8.54ms "
256," fft_test_len_256_factors_4_2_16_2_wgs_64_tpt_64_halfLds_dirReg"," 8.57ms "
256," fft_test_len_256_factors_2_2_16_4_wgs_64_tpt_64"," 8.6ms "
256," fft_test_len_256_factors_8_2_2_2_4_wgs_256_tpt_256_dirReg"," 8.62ms "
256," fft_test_len_256_factors_2_4_16_2_wgs_64_tpt_64"," 8.64ms "
256," fft_test_len_256_factors_2_2_16_4_wgs_64_tpt_64_halfLds_dirReg"," 8.65ms "
256," fft_test_len_256_factors_2_4_16_2_wgs_64_tpt_64_halfLds_dirReg"," 8.66ms "
256," fft_test_len_256_factors_2_8_8_2_wgs_128_tpt_128"," 8.66ms "
256," fft_test_len_256_factors_16_2_2_4_wgs_128_tpt_128_dirReg"," 8.67ms "
256," fft_test_len_256_factors_8_4_2_4_wgs_256_tpt_256_halfLds_dirReg"," 8.67ms "
256," fft_test_len_256_factors_2_2_2_16_2_wgs_64_tpt_64"," 8.7ms "
256," fft_test_len_256_factors_2_2_16_2_2_wgs_64_tpt_64"," 8.7ms "
256," fft_test_len_256_factors_2_16_2_2_2_wgs_64_tpt_64_halfLds_dirReg"," 8.7ms "
256," fft_test_len_256_factors_2_16_4_2_wgs_64_tpt_64"," 8.7ms "
256," fft_test_len_256_factors_2_2_2_16_2_wgs_64_tpt_64_halfLds_dirReg"," 8.72ms "
256," fft_test_len_256_factors_2_2_8_2_4_wgs_128_tpt_128"," 8.74ms "
256," fft_test_len_256_factors_16_8_2_wgs_128_tpt_128_dirReg"," 8.77ms "
256," fft_test_len_256_factors_4_2_2_2_2_4_wgs_256_tpt_256_dirReg"," 8.78ms "
256," fft_test_len_256_factors_8_2_4_4_wgs_256_tpt_256_halfLds_dirReg"," 8.78ms "
256," fft_test_len_256_factors_2_16_2_4_wgs_64_tpt_64"," 8.8ms "
256," fft_test_len_256_factors_16_4_2_2_wgs_128_tpt_128_dirReg"," 8.82ms "
256," fft_test_len_256_factors_16_4_2_2_wgs_128_tpt_128"," 8.89ms "
256," fft_test_len_256_factors_2_2_16_2_2_wgs_64_tpt_64_halfLds_dirReg"," 8.93ms "
256," fft_test_len_256_factors_4_4_2_8_wgs_256_tpt_256_dirReg"," 8.94ms "
256," fft_test_len_256_factors_16_2_2_4_wgs_128_tpt_128_halfLds_dirReg"," 8.98ms "
256," fft_test_len_256_factors_2_4_4_2_4_wgs_256_tpt_256_dirReg"," 8.99ms "
256," fft_test_len_256_factors_2_8_8_2_wgs_128_tpt_128_dirReg"," 9.03ms "
256," fft_test_len_256_factors_4_2_4_2_4_wgs_256_tpt_256_halfLds_dirReg"," 9.04ms "
256," fft_test_len_256_factors_2_4_2_4_4_wgs_256_tpt_256_dirReg"," 9.06ms "
256," fft_test_len_256_factors_4_4_2_2_4_wgs_256_tpt_256_halfLds_dirReg"," 9.06ms "
256," fft_test_len_256_factors_2_2_8_2_2_2_wgs_128_tpt_128_halfLds_dirReg"," 9.07ms "
256," fft_test_len_256_factors_2_2_4_8_2_wgs_128_tpt_128_halfLds_dirReg"," 9.07ms "
256," fft_test_len_256_factors_2_8_2_8_wgs_128_tpt_128_halfLds_dirReg"," 9.07ms "
256," fft_test_len_256_factors_8_2_2_8_wgs_256_tpt_256_dirReg"," 9.07ms "
256," fft_test_len_256_factors_8_2_2_2_4_wgs_256_tpt_256_halfLds_dirReg"," 9.1ms "
256," fft_test_len_256_factors_4_2_4_8_wgs_256_tpt_256_dirReg"," 9.14ms "
256," fft_test_len_256_factors_8_4_4_2_wgs_256_tpt_256_dirReg"," 9.17ms "
256," fft_test_len_256_factors_2_2_2_8_2_2_wgs_128_tpt_128_halfLds_dirReg"," 9.19ms "
256," fft_test_len_256_factors_4_4_4_2_2_wgs_256_tpt_256_dirReg"," 9.19ms "
256," fft_test_len_256_factors_4_2_2_16_wgs_128_tpt_128_dirReg"," 9.21ms "
256," fft_test_len_256_factors_8_2_16_wgs_128_tpt_128_dirReg"," 9.22ms "
256," fft_test_len_256_factors_4_2_2_4_4_wgs_256_tpt_256_halfLds_dirReg"," 9.25ms "
256," fft_test_len_256_factors_4_4_2_4_2_wgs_256_tpt_256_dirReg"," 9.27ms "
256," fft_test_len_256_factors_2_2_8_8_wgs_128_tpt_128"," 9.27ms "
256," fft_test_len_256_factors_2_16_2_2_2_wgs_64_tpt_64"," 9.29ms "
256," fft_test_len_256_factors_16_2_8_wgs_128_tpt_128_halfLds_dirReg"," 9.3ms "
256," fft_test_len_256_factors_2_2_4_4_4_wgs_256_tpt_256_dirReg"," 9.31ms "
256," fft_test_len_256_factors_16_8_2_wgs_128_tpt_128"," 9.31ms "
256," fft_test_len_256_factors_16_2_8_wgs_128_tpt_128"," 9.32ms "
256," fft_test_len_256_factors_8_4_2_2_2_wgs_256_tpt_256_dirReg"," 9.37ms "
256," fft_test_len_256_factors_8_2_4_2_2_wgs_256_tpt_256_dirReg"," 9.44ms "
256," fft_test_len_256_factors_2_16_2_4_wgs_64_tpt_64_halfLds_dirReg"," 9.44ms "
256," fft_test_len_256_factors_4_2_2_2_8_wgs_256_tpt_256_dirReg"," 9.47ms "
256," fft_test_len_256_factors_4_2_4_4_2_wgs_256_tpt_256_dirReg"," 9.48ms "
256," fft_test_len_256_factors_4_2_4_2_2_2_wgs_256_tpt_256_dirReg"," 9.53ms "
256," fft_test_len_256_factors_8_2_2_4_2_wgs_256_tpt_256_dirReg"," 9.53ms "
256," fft_test_len_256_factors_2_2_4_2_2_4_wgs_256_tpt_256_dirReg"," 9.54ms "
256," fft_test_len_256_factors_4_4_2_8_wgs_256_tpt_256_halfLds_dirReg"," 9.55ms "
256," fft_test_len_256_factors_8_4_4_2_wgs_256_tpt_256_halfLds_dirReg"," 9.56ms "
256," fft_test_len_256_factors_4_4_2_2_2_2_wgs_256_tpt_256_dirReg"," 9.57ms "
256," fft_test_len_256_factors_8_2_2_2_2_2_wgs_256_tpt_256_dirReg"," 9.59ms "
256," fft_test_len_256_factors_2_2_2_4_2_4_wgs_256_tpt_256_dirReg"," 9.6ms "
256," fft_test_len_256_factors_4_2_2_4_2_2_wgs_256_tpt_256_dirReg"," 9.61ms "
256," fft_test_len_256_factors_4_2_2_2_2_2_2_wgs_256_tpt_256_dirReg"," 9.62ms "
256," fft_test_len_256_factors_4_2_2_2_2_4_wgs_256_tpt_256_halfLds_dirReg"," 9.63ms "
256," fft_test_len_256_factors_16_2_4_2_wgs_128_tpt_128_dirReg"," 9.63ms "
256," fft_test_len_256_factors_2_4_4_2_4_wgs_256_tpt_256_halfLds_dirReg"," 9.65ms "
256," fft_test_len_256_factors_8_4_8_wgs_256_tpt_256_halfLds_dirReg"," 9.68ms "
256," fft_test_len_256_factors_4_2_2_2_4_2_wgs_256_tpt_256_dirReg"," 9.69ms "
256," fft_test_len_256_factors_2_4_4_4_2_wgs_256_tpt_256_dirReg"," 9.69ms "
256," fft_test_len_256_factors_2_2_2_2_4_4_wgs_256_tpt_256_dirReg"," 9.73ms "
256," fft_test_len_256_factors_2_4_4_8_wgs_256_tpt_256_dirReg"," 9.73ms "
256," fft_test_len_256_factors_2_2_2_2_2_2_4_wgs_256_tpt_256_dirReg"," 9.75ms "
256," fft_test_len_256_factors_16_2_2_4_wgs_128_tpt_128"," 9.76ms "
256," fft_test_len_256_factors_16_2_2_2_2_wgs_128_tpt_128_halfLds_dirReg"," 9.77ms "
256," fft_test_len_256_factors_4_4_4_2_2_wgs_256_tpt_256_halfLds_dirReg"," 9.78ms "
256," fft_test_len_256_factors_2_4_2_4_4_wgs_256_tpt_256_halfLds_dirReg"," 9.79ms "
256," fft_test_len_256_factors_2_4_2_2_2_4_wgs_256_tpt_256_dirReg"," 9.81ms "
256," fft_test_len_256_factors_2_8_8_2_wgs_128_tpt_128_halfLds_dirReg"," 9.87ms "
256," fft_test_len_256_factors_4_4_2_4_2_wgs_256_tpt_256_halfLds_dirReg"," 9.89ms "
256," fft_test_len_256_factors_8_4_2_2_2_wgs_256_tpt_256_halfLds_dirReg"," 9.91ms "
256," fft_test_len_256_factors_8_2_4_2_2_wgs_256_tpt_256_halfLds_dirReg"," 9.92ms "
256," fft_test_len_256_factors_2_2_2_2_16_wgs_128_tpt_128_dirReg"," 9.93ms "
256," fft_test_len_256_factors_8_4_2_4_wgs_256_tpt_256"," 9.96ms "
256," fft_test_len_256_factors_2_2_4_4_4_wgs_256_tpt_256_halfLds_dirReg"," 9.99ms "
256," fft_test_len_256_factors_2_4_2_16_wgs_128_tpt_128_dirReg"," 9.99ms "
256," fft_test_len_256_factors_8_2_2_4_2_wgs_256_tpt_256_halfLds_dirReg"," 10ms "
256," fft_test_len_256_factors_16_2_4_2_wgs_128_tpt_128"," 10ms "
256," fft_test_len_256_factors_2_4_2_2_2_4_wgs_256_tpt_256_halfLds_dirReg"," 10.1ms "
256," fft_test_len_256_factors_2_4_2_4_2_2_wgs_256_tpt_256_dirReg"," 10.1ms "
256," fft_test_len_256_factors_2_4_4_2_2_2_wgs_256_tpt_256_dirReg"," 10.1ms "
256," fft_test_len_256_factors_2_4_2_2_8_wgs_256_tpt_256_dirReg"," 10.1ms "
256," fft_test_len_256_factors_4_2_4_4_2_wgs_256_tpt_256_halfLds_dirReg"," 10.1ms "
256," fft_test_len_256_factors_2_4_2_2_4_2_wgs_256_tpt_256_dirReg"," 10.2ms "
256," fft_test_len_256_factors_4_2_4_2_2_2_wgs_256_tpt_256_halfLds_dirReg"," 10.2ms "
256," fft_test_len_256_factors_4_4_2_2_2_2_wgs_256_tpt_256_halfLds_dirReg"," 10.2ms "
256," fft_test_len_256_factors_4_2_2_2_8_wgs_256_tpt_256_halfLds_dirReg"," 10.2ms "
256," fft_test_len_256_factors_16_2_4_2_wgs_128_tpt_128_halfLds_dirReg"," 10.2ms "
256," fft_test_len_256_factors_16_4_2_2_wgs_128_tpt_128_halfLds_dirReg"," 10.2ms "
256," fft_test_len_256_factors_2_8_16_wgs_128_tpt_128_dirReg"," 10.2ms "
256," fft_test_len_256_factors_8_8_4_wgs_256_tpt_256_dirReg"," 10.2ms "
256," fft_test_len_256_factors_2_4_2_2_2_2_2_wgs_256_tpt_256_dirReg"," 10.3ms "
256," fft_test_len_256_factors_8_2_2_2_2_2_wgs_256_tpt_256_halfLds_dirReg"," 10.3ms "
256," fft_test_len_256_factors_2_2_4_2_4_2_wgs_256_tpt_256_dirReg"," 10.3ms "
256," fft_test_len_256_factors_2_2_4_4_2_2_wgs_256_tpt_256_dirReg"," 10.3ms "
256," fft_test_len_256_factors_4_2_2_4_2_2_wgs_256_tpt_256_halfLds_dirReg"," 10.3ms "
256," fft_test_len_256_factors_2_2_4_2_8_wgs_256_tpt_256_dirReg"," 10.3ms "
256," fft_test_len_256_factors_2_4_4_4_2_wgs_256_tpt_256_halfLds_dirReg"," 10.3ms "
256," fft_test_len_256_factors_4_2_2_16_wgs_128_tpt_128_halfLds_dirReg"," 10.3ms "
256," fft_test_len_256_factors_2_4_4_8_wgs_256_tpt_256_halfLds_dirReg"," 10.3ms "
256," fft_test_len_256_factors_4_2_4_8_wgs_256_tpt_256_halfLds_dirReg"," 10.3ms "
256," fft_test_len_256_factors_8_2_4_4_wgs_256_tpt_256"," 10.3ms "
256," fft_test_len_256_factors_8_2_16_wgs_128_tpt_128_halfLds_dirReg"," 10.3ms "
256," fft_test_len_256_factors_4_2_2_2_2_2_2_wgs_256_tpt_256_halfLds_dirReg"," 10.4ms "
256," fft_test_len_256_factors_2_2_2_4_2_4_wgs_256_tpt_256_halfLds_dirReg"," 10.4ms "
256," fft_test_len_256_factors_2_2_4_2_2_4_wgs_256_tpt_256_halfLds_dirReg"," 10.4ms "
256," fft_test_len_256_factors_4_2_2_2_4_2_wgs_256_tpt_256_halfLds_dirReg"," 10.4ms "
256," fft_test_len_256_factors_8_4_4_2_wgs_256_tpt_256"," 10.4ms "
256," fft_test_len_256_factors_16_8_2_wgs_128_tpt_128_halfLds_dirReg"," 10.4ms "
256," fft_test_len_256_factors_4_8_8_wgs_256_tpt_256_dirReg"," 10.4ms "
256," fft_test_len_256_factors_2_2_2_4_2_2_2_wgs_256_tpt_256_dirReg"," 10.5ms "
256," fft_test_len_256_factors_2_2_4_2_2_2_2_wgs_256_tpt_256_dirReg"," 10.5ms "
256," fft_test_len_256_factors_2_2_2_2_4_4_wgs_256_tpt_256_halfLds_dirReg"," 10.5ms "
256," fft_test_len_256_factors_2_2_2_4_4_2_wgs_256_tpt_256_dirReg"," 10.5ms "
256," fft_test_len_256_factors_2_2_2_4_8_wgs_256_tpt_256_dirReg"," 10.5ms "
256," fft_test_len_256_factors_8_2_2_2_4_wgs_256_tpt_256"," 10.5ms "
256," fft_test_len_256_factors_4_8_2_4_wgs_256_tpt_256_dirReg"," 10.5ms "
256," fft_test_len_256_factors_2_2_2_2_2_4_2_wgs_256_tpt_256_dirReg"," 10.6ms "
256," fft_test_len_256_factors_2_2_2_2_4_2_2_wgs_256_tpt_256_dirReg"," 10.6ms "
256," fft_test_len_256_factors_8_4_2_2_2_wgs_256_tpt_256"," 10.6ms "
256," fft_test_len_256_factors_2_2_4_16_wgs_128_tpt_128_dirReg"," 10.6ms "
256," fft_test_len_256_factors_8_2_2_8_wgs_256_tpt_256_halfLds_dirReg"," 10.6ms "
256," fft_test_len_256_factors_4_2_8_4_wgs_256_tpt_256_dirReg"," 10.6ms "
256," fft_test_len_256_factors_2_2_2_2_2_2_4_wgs_256_tpt_256_halfLds_dirReg"," 10.7ms "
256," fft_test_len_256_factors_2_2_2_2_2_2_2_2_wgs_256_tpt_256_dirReg"," 10.8ms "
256," fft_test_len_256_factors_2_4_2_4_2_2_wgs_256_tpt_256_halfLds_dirReg"," 10.8ms "
256," fft_test_len_256_factors_2_4_4_2_2_2_wgs_256_tpt_256_halfLds_dirReg"," 10.8ms "
256," fft_test_len_256_factors_4_2_2_2_2_4_wgs_256_tpt_256"," 10.8ms "
256," fft_test_len_256_factors_2_4_2_2_8_wgs_256_tpt_256_halfLds_dirReg"," 10.8ms "
256," fft_test_len_256_factors_2_2_4_16_wgs_128_tpt_128_halfLds_dirReg"," 10.8ms "
256," fft_test_len_256_factors_4_16_2_2_wgs_128_tpt_128_dirReg"," 10.8ms "
256," fft_test_len_256_factors_8_16_2_wgs_128_tpt_128_dirReg"," 10.8ms "
256," fft_test_len_256_factors_4_2_2_2_2_2_2_wgs_256_tpt_256"," 10.9ms "
256," fft_test_len_256_factors_2_4_2_2_4_2_wgs_256_tpt_256_halfLds_dirReg"," 10.9ms "
256," fft_test_len_256_factors_8_2_4_2_2_wgs_256_tpt_256"," 10.9ms "
256," fft_test_len_256_factors_4_2_2_4_4_wgs_256_tpt_256"," 10.9ms "
256," fft_test_len_256_factors_4_2_4_2_4_wgs_256_tpt_256"," 10.9ms "
256," fft_test_len_256_factors_4_4_2_2_4_wgs_256_tpt_256"," 10.9ms "
256," fft_test_len_256_factors_8_2_2_2_2_2_wgs_256_tpt_256"," 11ms "
256," fft_test_len_256_factors_2_2_4_2_8_wgs_256_tpt_256_halfLds_dirReg"," 11ms "
256," fft_test_len_256_factors_8_2_2_4_2_wgs_256_tpt_256"," 11ms "
256," fft_test_len_256_factors_4_4_4_4_wgs_256_tpt_256"," 11ms "
256," fft_test_len_256_factors_2_2_4_4_2_2_wgs_256_tpt_256_halfLds_dirReg"," 11.1ms "
256," fft_test_len_256_factors_4_2_2_2_4_2_wgs_256_tpt_256"," 11.1ms "
256," fft_test_len_256_factors_4_2_4_2_2_2_wgs_256_tpt_256"," 11.1ms "
256," fft_test_len_256_factors_8_8_2_2_wgs_256_tpt_256_dirReg"," 11.1ms "
256," fft_test_len_256_factors_2_4_2_2_2_2_2_wgs_256_tpt_256_halfLds_dirReg"," 11.2ms "
256," fft_test_len_256_factors_2_2_4_2_4_2_wgs_256_tpt_256_halfLds_dirReg"," 11.2ms "
256," fft_test_len_256_factors_4_2_2_4_2_2_wgs_256_tpt_256"," 11.2ms "
256," fft_test_len_256_factors_4_4_2_2_2_2_wgs_256_tpt_256"," 11.2ms "
256," fft_test_len_256_factors_2_2_2_2_16_wgs_128_tpt_128_halfLds_dirReg"," 11.2ms "
256," fft_test_len_256_factors_2_2_2_4_8_wgs_256_tpt_256_halfLds_dirReg"," 11.2ms "
256," fft_test_len_256_factors_4_4_2_4_2_wgs_256_tpt_256"," 11.2ms "
256," fft_test_len_256_factors_2_4_2_16_wgs_128_tpt_128_halfLds_dirReg"," 11.2ms "
256," fft_test_len_256_factors_4_8_4_2_wgs_256_tpt_256_dirReg"," 11.2ms "
256," fft_test_len_256_factors_2_2_2_2_4_2_2_wgs_256_tpt_256_halfLds_dirReg"," 11.3ms "
256," fft_test_len_256_factors_2_2_4_2_2_2_2_wgs_256_tpt_256_halfLds_dirReg"," 11.3ms "
256," fft_test_len_256_factors_4_8_2_2_2_wgs_256_tpt_256_dirReg"," 11.3ms "
256," fft_test_len_256_factors_4_2_4_4_2_wgs_256_tpt_256"," 11.3ms "
256," fft_test_len_256_factors_4_4_4_2_2_wgs_256_tpt_256"," 11.3ms "
256," fft_test_len_256_factors_2_16_2_4_wgs_128_tpt_128_dirReg"," 11.3ms "
256," fft_test_len_256_factors_4_2_16_2_wgs_128_tpt_128_dirReg"," 11.3ms "
256," fft_test_len_256_factors_8_2_8_2_wgs_256_tpt_256_dirReg"," 11.3ms "
256," fft_test_len_256_factors_2_4_8_4_wgs_256_tpt_256_dirReg"," 11.3ms "
256," fft_test_len_256_factors_2_8_4_4_wgs_256_tpt_256_dirReg"," 11.3ms "
256," fft_test_len_256_factors_4_4_8_2_wgs_256_tpt_256_dirReg"," 11.3ms "
256," fft_test_len_256_factors_8_4_8_wgs_256_tpt_256"," 11.3ms "
256," fft_test_len_256_factors_2_2_2_4_2_2_2_wgs_256_tpt_256_halfLds_dirReg"," 11.4ms "
256," fft_test_len_256_factors_2_2_2_4_4_2_wgs_256_tpt_256_halfLds_dirReg"," 11.4ms "
256," fft_test_len_256_factors_4_2_8_2_2_wgs_256_tpt_256_dirReg"," 11.4ms "
256," fft_test_len_256_factors_4_16_2_2_wgs_128_tpt_128"," 11.4ms "
256," fft_test_len_256_factors_2_8_16_wgs_128_tpt_128_halfLds_dirReg"," 11.4ms "
256," fft_test_len_256_factors_8_8_4_wgs_256_tpt_256_halfLds_dirReg"," 11.4ms "
256," fft_test_len_256_factors_2_2_2_2_2_4_2_wgs_256_tpt_256_halfLds_dirReg"," 11.5ms "
256," fft_test_len_256_factors_2_2_2_2_2_8_wgs_256_tpt_256_halfLds_dirReg"," 11.5ms "
256," fft_test_len_256_factors_2_2_2_2_2_8_wgs_256_tpt_256_dirReg"," 11.5ms "
256," fft_test_len_256_factors_2_4_2_2_2_4_wgs_256_tpt_256"," 11.5ms "
256," fft_test_len_256_factors_2_16_2_2_2_wgs_128_tpt_128_dirReg"," 11.5ms "
256," fft_test_len_256_factors_2_8_2_2_4_wgs_256_tpt_256_dirReg"," 11.5ms "
256," fft_test_len_256_factors_2_2_2_2_2_2_4_wgs_256_tpt_256"," 11.6ms "
256," fft_test_len_256_factors_4_2_2_8_2_wgs_256_tpt_256_dirReg"," 11.6ms "
256," fft_test_len_256_factors_2_4_16_2_wgs_128_tpt_128_dirReg"," 11.6ms "
256," fft_test_len_256_factors_4_2_8_4_wgs_256_tpt_256_halfLds_dirReg"," 11.6ms "
256," fft_test_len_256_factors_8_16_2_wgs_128_tpt_128"," 11.6ms "
256," fft_test_len_256_factors_2_2_2_4_2_4_wgs_256_tpt_256"," 11.7ms "
256," fft_test_len_256_factors_2_2_4_2_2_4_wgs_256_tpt_256"," 11.7ms "
256," fft_test_len_256_factors_2_4_2_4_4_wgs_256_tpt_256"," 11.7ms "
256," fft_test_len_256_factors_2_8_2_8_wgs_256_tpt_256_dirReg"," 11.7ms "
256," fft_test_len_256_factors_4_8_2_4_wgs_256_tpt_256_halfLds_dirReg"," 11.7ms "
256," fft_test_len_256_factors_4_8_8_wgs_256_tpt_256_halfLds_dirReg"," 11.7ms "
256," fft_test_len_256_factors_2_2_2_2_2_2_2_2_wgs_256_tpt_256"," 11.8ms "
256," fft_test_len_256_factors_2_2_2_2_4_4_wgs_256_tpt_256"," 11.8ms "
256," fft_test_len_256_factors_2_2_4_4_4_wgs_256_tpt_256"," 11.8ms "
256," fft_test_len_256_factors_2_4_4_2_4_wgs_256_tpt_256"," 11.8ms "
256," fft_test_len_256_factors_4_4_2_8_wgs_256_tpt_256"," 11.8ms "
256," fft_test_len_256_factors_8_2_16_wgs_128_tpt_128"," 11.8ms "
256," fft_test_len_256_factors_2_2_2_2_2_2_2_2_wgs_256_tpt_256_halfLds_dirReg"," 11.9ms "
256," fft_test_len_256_factors_2_2_2_2_2_4_2_wgs_256_tpt_256"," 11.9ms "
256," fft_test_len_256_factors_2_2_2_2_4_2_2_wgs_256_tpt_256"," 11.9ms "
256," fft_test_len_256_factors_2_2_2_4_2_2_2_wgs_256_tpt_256"," 11.9ms "
256," fft_test_len_256_factors_2_4_2_2_2_2_2_wgs_256_tpt_256"," 11.9ms "
256," fft_test_len_256_factors_2_4_2_2_4_2_wgs_256_tpt_256"," 11.9ms "
256," fft_test_len_256_factors_2_4_2_4_2_2_wgs_256_tpt_256"," 11.9ms "
256," fft_test_len_256_factors_4_2_2_16_wgs_128_tpt_128"," 11.9ms "
256," fft_test_len_256_factors_8_2_2_8_wgs_256_tpt_256"," 11.9ms "
256," fft_test_len_256_factors_4_2_4_8_wgs_256_tpt_256"," 11.9ms "
256," fft_test_len_256_factors_2_16_8_wgs_128_tpt_128_dirReg"," 11.9ms "
256," fft_test_len_256_factors_2_2_4_2_2_2_2_wgs_256_tpt_256"," 12ms "
256," fft_test_len_256_factors_2_4_4_2_2_2_wgs_256_tpt_256"," 12ms "
256," fft_test_len_256_factors_2_2_2_2_16_wgs_128_tpt_128"," 12ms "
256," fft_test_len_256_factors_2_16_2_4_wgs_128_tpt_128_halfLds_dirReg"," 12ms "
256," fft_test_len_256_factors_8_16_2_wgs_128_tpt_128_halfLds_dirReg"," 12ms "
256," fft_test_len_256_factors_2_2_2_4_4_2_wgs_256_tpt_256"," 12.1ms "
256," fft_test_len_256_factors_2_2_4_4_2_2_wgs_256_tpt_256"," 12.1ms "
256," fft_test_len_256_factors_2_4_8_2_2_wgs_256_tpt_256_dirReg"," 12.1ms "
256," fft_test_len_256_factors_4_2_2_2_8_wgs_256_tpt_256"," 12.1ms "
256," fft_test_len_256_factors_2_4_4_4_2_wgs_256_tpt_256"," 12.1ms "
256," fft_test_len_256_factors_2_4_16_2_wgs_128_tpt_128"," 12.1ms "
256," fft_test_len_256_factors_4_2_16_2_wgs_128_tpt_128"," 12.1ms "
256," fft_test_len_256_factors_2_2_4_2_4_2_wgs_256_tpt_256"," 12.2ms "
256," fft_test_len_256_factors_2_4_2_16_wgs_128_tpt_128"," 12.3ms "
256," fft_test_len_256_factors_2_4_4_8_wgs_256_tpt_256"," 12.3ms "
256," fft_test_len_256_factors_2_16_8_wgs_128_tpt_128_halfLds_dirReg"," 12.3ms "
256," fft_test_len_256_factors_2_2_2_16_2_wgs_128_tpt_128_dirReg"," 12.4ms "
256," fft_test_len_256_factors_2_2_4_8_2_wgs_256_tpt_256_dirReg"," 12.4ms "
256," fft_test_len_256_factors_2_4_2_8_2_wgs_256_tpt_256_dirReg"," 12.4ms "
256," fft_test_len_256_factors_2_8_2_4_2_wgs_256_tpt_256_dirReg"," 12.4ms "
256," fft_test_len_256_factors_2_8_4_2_2_wgs_256_tpt_256_dirReg"," 12.4ms "
256," fft_test_len_256_factors_4_2_2_8_2_wgs_256_tpt_256_halfLds_dirReg"," 12.4ms "
256," fft_test_len_256_factors_2_2_4_16_wgs_128_tpt_128"," 12.4ms "
256," fft_test_len_256_factors_2_16_2_4_wgs_128_tpt_128"," 12.4ms "
256," fft_test_len_256_factors_8_8_2_2_wgs_256_tpt_256_halfLds_dirReg"," 12.4ms "
256," fft_test_len_256_factors_8_8_4_wgs_256_tpt_256"," 12.4ms "
256," fft_test_len_256_factors_2_8_2_2_2_2_wgs_256_tpt_256_dirReg"," 12.5ms "
256," fft_test_len_256_factors_2_2_8_2_4_wgs_256_tpt_256_dirReg"," 12.5ms "
256," fft_test_len_256_factors_4_2_8_2_2_wgs_256_tpt_256_halfLds_dirReg"," 12.5ms "
256," fft_test_len_256_factors_4_8_4_2_wgs_256_tpt_256_halfLds_dirReg"," 12.5ms "
256," fft_test_len_256_factors_2_2_16_2_2_wgs_128_tpt_128_dirReg"," 12.6ms "
256," fft_test_len_256_factors_2_16_2_2_2_wgs_128_tpt_128"," 12.6ms "
256," fft_test_len_256_factors_2_8_4_4_wgs_256_tpt_256_halfLds_dirReg"," 12.6ms "
256," fft_test_len_256_factors_4_4_8_2_wgs_256_tpt_256_halfLds_dirReg"," 12.6ms "
256," fft_test_len_256_factors_4_8_2_4_wgs_256_tpt_256"," 12.6ms "
256," fft_test_len_256_factors_2_16_4_2_wgs_128_tpt_128_dirReg"," 12.7ms "
256," fft_test_len_256_factors_8_2_8_2_wgs_256_tpt_256_halfLds_dirReg"," 12.7ms "
256," fft_test_len_256_factors_16_4_4_wgs_256_tpt_256_dirReg"," 12.7ms "
256," fft_test_len_256_factors_2_2_2_4_8_wgs_256_tpt_256"," 12.8ms "
256," fft_test_len_256_factors_2_4_2_2_8_wgs_256_tpt_256"," 12.8ms "
256," fft_test_len_256_factors_2_2_16_4_wgs_128_tpt_128_dirReg"," 12.8ms "
256," fft_test_len_256_factors_4_2_8_4_wgs_256_tpt_256"," 12.8ms "
256," fft_test_len_256_factors_2_8_16_wgs_128_tpt_128"," 12.8ms "
256," fft_test_len_256_factors_2_2_2_8_4_wgs_256_tpt_256_dirReg"," 12.9ms "
256," fft_test_len_256_factors_2_2_4_2_8_wgs_256_tpt_256"," 12.9ms "
256," fft_test_len_256_factors_2_16_4_2_wgs_128_tpt_128_halfLds_dirReg"," 12.9ms "
256," fft_test_len_256_factors_2_2_8_8_wgs_256_tpt_256_dirReg"," 12.9ms "
256," fft_test_len_256_factors_8_8_2_2_wgs_256_tpt_256"," 12.9ms "
256," fft_test_len_256_factors_4_4_8_2_wgs_256_tpt_256"," 12.9ms "
256," fft_test_len_256_factors_4_8_4_2_wgs_256_tpt_256"," 12.9ms "
256," fft_test_len_256_factors_4_8_2_2_2_wgs_256_tpt_256_halfLds_dirReg"," 13ms "
256," fft_test_len_256_factors_4_8_2_2_2_wgs_256_tpt_256"," 13ms "
256," fft_test_len_256_factors_2_4_8_4_wgs_256_tpt_256_halfLds_dirReg"," 13ms "
256," fft_test_len_256_factors_2_8_2_8_wgs_256_tpt_256_halfLds_dirReg"," 13.1ms "
256," fft_test_len_256_factors_4_4_16_wgs_256_tpt_256_dirReg"," 13.1ms "
256," fft_test_len_256_factors_4_8_8_wgs_256_tpt_256"," 13.1ms "
256," fft_test_len_256_factors_2_2_16_2_2_wgs_128_tpt_128"," 13.2ms "
256," fft_test_len_256_factors_2_8_2_2_4_wgs_256_tpt_256_halfLds_dirReg"," 13.2ms "
256," fft_test_len_256_factors_8_2_8_2_wgs_256_tpt_256"," 13.2ms "
256," fft_test_len_256_factors_2_4_8_4_wgs_256_tpt_256"," 13.2ms "
256," fft_test_len_256_factors_2_8_4_4_wgs_256_tpt_256"," 13.2ms "
256," fft_test_len_256_factors_2_2_2_16_2_wgs_128_tpt_128"," 13.3ms "
256," fft_test_len_256_factors_2_8_2_2_4_wgs_256_tpt_256"," 13.3ms "
256," fft_test_len_256_factors_2_16_4_2_wgs_128_tpt_128"," 13.3ms "
256," fft_test_len_256_factors_8_2_16_wgs_256_tpt_256_dirReg"," 13.3ms "
256," fft_test_len_256_factors_2_2_8_2_2_2_wgs_256_tpt_256_dirReg"," 13.4ms "
256," fft_test_len_256_factors_2_2_8_4_2_wgs_256_tpt_256_dirReg"," 13.4ms "
256," fft_test_len_256_factors_4_2_2_8_2_wgs_256_tpt_256"," 13.4ms "
256," fft_test_len_256_factors_16_2_8_wgs_256_tpt_256_dirReg"," 13.4ms "
256," fft_test_len_256_factors_4_2_8_2_2_wgs_256_tpt_256"," 13.5ms "
256," fft_test_len_256_factors_16_2_2_4_wgs_256_tpt_256_dirReg"," 13.5ms "
256," fft_test_len_256_factors_2_2_2_8_2_2_wgs_256_tpt_256_dirReg"," 13.6ms "
256," fft_test_len_256_factors_2_2_2_2_8_2_wgs_256_tpt_256_dirReg"," 13.7ms "
256," fft_test_len_256_factors_2_4_8_2_2_wgs_256_tpt_256"," 13.7ms "
256," fft_test_len_256_factors_2_8_4_2_2_wgs_256_tpt_256"," 13.7ms "
256," fft_test_len_256_factors_2_16_8_wgs_128_tpt_128"," 13.7ms "
256," fft_test_len_256_factors_2_2_8_2_4_wgs_256_tpt_256_halfLds_dirReg"," 13.8ms "
256," fft_test_len_256_factors_2_4_2_8_2_wgs_256_tpt_256"," 13.8ms "
256," fft_test_len_256_factors_2_8_2_4_2_wgs_256_tpt_256"," 13.8ms "
256," fft_test_len_256_factors_2_2_16_4_wgs_128_tpt_128"," 13.8ms "
256," fft_test_len_256_factors_2_8_8_2_wgs_256_tpt_256_dirReg"," 13.8ms "
256," fft_test_len_256_factors_2_8_2_2_2_2_wgs_256_tpt_256"," 13.9ms "
256," fft_test_len_256_factors_2_2_2_8_4_wgs_256_tpt_256_halfLds_dirReg"," 13.9ms "
256," fft_test_len_256_factors_2_8_4_2_2_wgs_256_tpt_256_halfLds_dirReg"," 13.9ms "
256," fft_test_len_256_factors_2_2_8_8_wgs_256_tpt_256_halfLds_dirReg"," 13.9ms "
256," fft_test_len_256_factors_2_8_2_8_wgs_256_tpt_256"," 13.9ms "
256," fft_test_len_256_factors_2_2_4_8_2_wgs_256_tpt_256"," 14ms "
256," fft_test_len_256_factors_2_4_8_2_2_wgs_256_tpt_256_halfLds_dirReg"," 14ms "
256," fft_test_len_256_factors_2_4_2_8_2_wgs_256_tpt_256_halfLds_dirReg"," 14.1ms "
256," fft_test_len_256_factors_2_8_2_4_2_wgs_256_tpt_256_halfLds_dirReg"," 14.1ms "
256," fft_test_len_256_factors_4_16_2_2_wgs_128_tpt_128_halfLds_dirReg"," 14.1ms "
256," fft_test_len_256_factors_2_2_16_4_wgs_128_tpt_128_halfLds_dirReg"," 14.2ms "
256," fft_test_len_256_factors_2_2_2_2_2_8_wgs_256_tpt_256"," 14.3ms "
256," fft_test_len_256_factors_2_2_2_16_2_wgs_128_tpt_128_halfLds_dirReg"," 14.3ms "
256," fft_test_len_256_factors_2_16_2_2_2_wgs_128_tpt_128_halfLds_dirReg"," 14.3ms "
256," fft_test_len_256_factors_2_2_4_8_2_wgs_256_tpt_256_halfLds_dirReg"," 14.3ms "
256," fft_test_len_256_factors_16_4_2_2_wgs_256_tpt_256_dirReg"," 14.3ms "
256," fft_test_len_256_factors_2_8_2_2_2_2_wgs_256_tpt_256_halfLds_dirReg"," 14.4ms "
256," fft_test_len_256_factors_16_2_4_2_wgs_256_tpt_256_dirReg"," 14.4ms "
256," fft_test_len_256_factors_2_2_16_2_2_wgs_128_tpt_128_halfLds_dirReg"," 14.5ms "
256," fft_test_len_256_factors_16_2_2_2_2_wgs_256_tpt_256_dirReg"," 14.5ms "
256," fft_test_len_256_factors_4_2_16_2_wgs_128_tpt_128_halfLds_dirReg"," 14.5ms "
256," fft_test_len_256_factors_4_2_2_16_wgs_256_tpt_256_dirReg"," 14.6ms "
256," fft_test_len_256_factors_2_2_2_8_2_2_wgs_256_tpt_256_halfLds_dirReg"," 14.7ms "
256," fft_test_len_256_factors_16_4_4_wgs_256_tpt_256_halfLds_dirReg"," 14.7ms "
256," fft_test_len_256_factors_2_2_8_2_2_2_wgs_256_tpt_256_halfLds_dirReg"," 14.9ms "
256," fft_test_len_256_factors_2_2_8_4_2_wgs_256_tpt_256_halfLds_dirReg"," 14.9ms "
256," fft_test_len_256_factors_2_2_2_2_8_2_wgs_256_tpt_256_halfLds_dirReg"," 15ms "
256," fft_test_len_256_factors_2_2_8_8_wgs_256_tpt_256"," 15ms "
256," fft_test_len_256_factors_2_2_2_8_4_wgs_256_tpt_256"," 15.1ms "
256," fft_test_len_256_factors_2_2_8_2_4_wgs_256_tpt_256"," 15.1ms "
256," fft_test_len_256_factors_2_4_2_16_wgs_256_tpt_256_dirReg"," 15.1ms "
256," fft_test_len_256_factors_2_8_8_2_wgs_256_tpt_256_halfLds_dirReg"," 15.1ms "
256," fft_test_len_256_factors_2_8_8_2_wgs_256_tpt_256"," 15.1ms "
256," fft_test_len_256_factors_16_4_4_wgs_256_tpt_256"," 15.2ms "
256," fft_test_len_256_factors_2_2_8_2_2_2_wgs_256_tpt_256"," 15.3ms "
256," fft_test_len_256_factors_16_8_2_wgs_256_tpt_256_dirReg"," 15.3ms "
256," fft_test_len_256_factors_2_2_8_4_2_wgs_256_tpt_256"," 15.5ms "
256," fft_test_len_256_factors_2_4_16_2_wgs_128_tpt_128_halfLds_dirReg"," 15.5ms "
256," fft_test_len_256_factors_2_2_2_2_8_2_wgs_256_tpt_256"," 15.6ms "
256," fft_test_len_256_factors_16_2_8_wgs_256_tpt_256_halfLds_dirReg"," 15.6ms "
256," fft_test_len_256_factors_16_16_wgs_256_tpt_256_dirReg"," 15.6ms "
256," fft_test_len_256_factors_2_2_2_8_2_2_wgs_256_tpt_256"," 15.7ms "
256," fft_test_len_256_factors_2_8_16_wgs_256_tpt_256_dirReg"," 15.7ms "
256," fft_test_len_256_factors_2_2_4_16_wgs_256_tpt_256_dirReg"," 15.8ms "
256," fft_test_len_256_factors_4_4_16_wgs_256_tpt_256_halfLds_dirReg"," 15.9ms "
256," fft_test_len_256_factors_16_2_2_2_2_wgs_256_tpt_256"," 16ms "
256," fft_test_len_256_factors_16_4_2_2_wgs_256_tpt_256"," 16ms "
256," fft_test_len_256_factors_8_2_16_wgs_256_tpt_256_halfLds_dirReg"," 16.1ms "
256," fft_test_len_256_factors_16_2_8_wgs_256_tpt_256"," 16.3ms "
256," fft_test_len_256_factors_16_2_2_4_wgs_256_tpt_256_halfLds_dirReg"," 16.5ms "
256," fft_test_len_256_factors_16_16_wgs_256_tpt_256_halfLds_dirReg"," 16.8ms "
256," fft_test_len_256_factors_16_2_4_2_wgs_256_tpt_256_halfLds_dirReg"," 17.3ms "
256," fft_test_len_256_factors_16_4_2_2_wgs_256_tpt_256_halfLds_dirReg"," 17.3ms "
256," fft_test_len_256_factors_16_8_2_wgs_256_tpt_256_halfLds_dirReg"," 17.4ms "
256," fft_test_len_256_factors_16_2_2_4_wgs_256_tpt_256"," 17.5ms "
256," fft_test_len_256_factors_16_8_2_wgs_256_tpt_256"," 17.6ms "
256," fft_test_len_256_factors_16_2_4_2_wgs_256_tpt_256"," 18ms "
256," fft_test_len_256_factors_4_2_2_16_wgs_256_tpt_256_halfLds_dirReg"," 18.2ms "
256," fft_test_len_256_factors_16_2_2_2_2_wgs_256_tpt_256_halfLds_dirReg"," 18.7ms "
256," fft_test_len_256_factors_2_4_2_16_wgs_256_tpt_256_halfLds_dirReg"," 19ms "
256," fft_test_len_256_factors_2_2_2_2_16_wgs_256_tpt_256_dirReg"," 19.1ms "
256," fft_test_len_256_factors_2_8_16_wgs_256_tpt_256_halfLds_dirReg"," 19.1ms "
256," fft_test_len_256_factors_2_2_4_16_wgs_256_tpt_256_halfLds_dirReg"," 19.2ms "
256," fft_test_len_256_factors_4_4_16_wgs_256_tpt_256"," 20ms "
256," fft_test_len_256_factors_4_16_2_2_wgs_256_tpt_256_dirReg"," 20.3ms "
256," fft_test_len_256_factors_2_2_2_2_16_wgs_256_tpt_256_halfLds_dirReg"," 20.4ms "
256," fft_test_len_256_factors_2_16_2_2_2_wgs_256_tpt_256_dirReg"," 20.5ms "
256," fft_test_len_256_factors_8_2_16_wgs_256_tpt_256"," 20.5ms "
256," fft_test_len_256_factors_4_2_2_16_wgs_256_tpt_256"," 20.8ms "
256," fft_test_len_256_factors_2_16_8_wgs_256_tpt_256_dirReg"," 21ms "
256," fft_test_len_256_factors_16_16_wgs_256_tpt_256"," 21ms "
256," fft_test_len_256_factors_2_4_2_16_wgs_256_tpt_256"," 21.1ms "
256," fft_test_len_256_factors_4_2_16_2_wgs_256_tpt_256_dirReg"," 21.1ms "
256," fft_test_len_256_factors_2_2_4_16_wgs_256_tpt_256"," 21.2ms "
256," fft_test_len_256_factors_2_2_2_2_16_wgs_256_tpt_256"," 21.8ms "
256," fft_test_len_256_factors_2_4_16_2_wgs_256_tpt_256_dirReg"," 21.8ms "
256," fft_test_len_256_factors_4_16_4_wgs_256_tpt_256_halfLds_dirReg"," 21.8ms "
256," fft_test_len_256_factors_4_16_4_wgs_256_tpt_256_dirReg"," 21.9ms "
256," fft_test_len_256_factors_2_8_16_wgs_256_tpt_256"," 22ms "
256," fft_test_len_256_factors_8_16_2_wgs_256_tpt_256_dirReg"," 22.3ms "
256," fft_test_len_256_factors_2_16_2_4_wgs_256_tpt_256_dirReg"," 22.5ms "
256," fft_test_len_256_factors_2_16_8_wgs_256_tpt_256_halfLds_dirReg"," 22.6ms "
256," fft_test_len_256_factors_8_16_2_wgs_256_tpt_256_halfLds_dirReg"," 22.9ms "
256," fft_test_len_256_factors_2_16_2_4_wgs_256_tpt_256_halfLds_dirReg"," 23.2ms "
256," fft_test_len_256_factors_4_16_2_2_wgs_256_tpt_256_halfLds_dirReg"," 23.2ms "
256," fft_test_len_256_factors_2_16_4_2_wgs_256_tpt_256_dirReg"," 23.3ms "
256," fft_test_len_256_factors_8_16_2_wgs_256_tpt_256"," 23.9ms "
256," fft_test_len_256_factors_2_16_4_2_wgs_256_tpt_256_halfLds_dirReg"," 24ms "
256," fft_test_len_256_factors_2_16_2_4_wgs_256_tpt_256"," 24.1ms "
256," fft_test_len_256_factors_4_16_4_wgs_256_tpt_256"," 24.3ms "
256," fft_test_len_256_factors_2_2_16_4_wgs_256_tpt_256_dirReg"," 24.5ms "
256," fft_test_len_256_factors_2_16_2_2_2_wgs_256_tpt_256"," 24.7ms "
256," fft_test_len_256_factors_4_16_2_2_wgs_256_tpt_256"," 24.7ms "
256," fft_test_len_256_factors_2_16_8_wgs_256_tpt_256"," 24.7ms "
256," fft_test_len_256_factors_2_16_4_2_wgs_256_tpt_256"," 24.8ms "
256," fft_test_len_256_factors_2_2_16_2_2_wgs_256_tpt_256_dirReg"," 24.9ms "
256," fft_test_len_256_factors_4_2_16_2_wgs_256_tpt_256"," 24.9ms "
256," fft_test_len_256_factors_2_16_2_2_2_wgs_256_tpt_256_halfLds_dirReg"," 25.1ms "
256," fft_test_len_256_factors_2_2_16_4_wgs_256_tpt_256_halfLds_dirReg"," 25.4ms "
256," fft_test_len_256_factors_2_4_16_2_wgs_256_tpt_256"," 25.5ms "
256," fft_test_len_256_factors_2_2_2_16_2_wgs_256_tpt_256_dirReg"," 25.6ms "
256," fft_test_len_256_factors_2_4_16_2_wgs_256_tpt_256_halfLds_dirReg"," 25.6ms "
256," fft_test_len_256_factors_2_2_16_2_2_wgs_256_tpt_256_halfLds_dirReg"," 25.9ms "
256," fft_test_len_256_factors_2_2_16_4_wgs_256_tpt_256"," 26.2ms "
256," fft_test_len_256_factors_2_2_2_16_2_wgs_256_tpt_256_halfLds_dirReg"," 26.3ms "
256," fft_test_len_256_factors_2_2_16_2_2_wgs_256_tpt_256"," 26.3ms "
256," fft_test_len_256_factors_2_2_2_16_2_wgs_256_tpt_256"," 27.2ms "
256," fft_test_len_256_factors_4_2_16_2_wgs_256_tpt_256_halfLds_dirReg"," 27.3ms "
"  NS(length= 256"," workgroup_size= 64"," threads_per_transform=64"," factors=(8"," 2"," 2"," 2"," 2"," 2)"," half_lds=False"," direct_to_from_reg=False best_time",5.33
factorization 1 of 15
factorization 2 of 15
factorization 3 of 15
factorization 4 of 15
factorization 5 of 15
factorization 6 of 15
factorization 7 of 15
factorization 8 of 15
factorization 9 of 15
factorization 10 of 15
factorization 11 of 15
factorization 12 of 15
factorization 13 of 15
factorization 14 of 15
factorization 15 of 15